Wavelength (nm),g-factor,CD,Extinction
900,0.031307,464.676,0.450048
899.5,0.0313662,460.07,0.444744
899,0.0314134,454.874,0.439062
898.5,0.031511,450.671,0.433657
898,0.0316889,447.309,0.428006
897.5,0.0318281,443.479,0.422486
897,0.0320097,440.577,0.41734
896.5,0.0322145,438.292,0.412536
896,0.032551,437.882,0.407889
895.5,0.0327542,436.343,0.403934
895,0.0330028,436.064,0.400636
894.5,0.0333398,437.477,0.397871
894,0.0336098,438.927,0.395982
893.5,0.0338327,440.567,0.394843
893,0.0341349,443.461,0.393919
892.5,0.0342925,445.003,0.393471
892,0.0345506,448.183,0.393322
891.5,0.0346979,450.284,0.39349
891,0.0349801,454.026,0.393559
890.5,0.0351962,456.979,0.393686
890,0.0352915,458.714,0.394114
889.5,0.0355297,461.872,0.394166
889,0.0356746,464.006,0.394378
888.5,0.0357609,465.437,0.394641
888,0.0358998,467.714,0.395037
887.5,0.0360589,470.521,0.395654
887,0.036252,473.802,0.396291
886.5,0.0363174,475.13,0.396686
886,0.0364259,477.3,0.397311
885.5,0.0365347,479.308,0.397795
885,0.0368119,483.338,0.398118
884.5,0.0370107,486.671,0.39871
884,0.0372149,489.977,0.399216
883.5,0.0374314,493.401,0.39968
883,0.0377328,498.082,0.40025
882.5,0.0378583,500.704,0.401024
882,0.0380222,503.65,0.401644
881.5,0.0382369,507.443,0.402396
881,0.0384189,510.593,0.402976
880.5,0.0385699,513.784,0.403907
880,0.038858,518.378,0.404497
879.5,0.0390592,522.439,0.405566
879,0.0393543,527.197,0.406191
878.5,0.0395448,530.727,0.406941
878,0.0397827,534.489,0.407375
877.5,0.0401668,540.406,0.407945
877,0.0404437,544.773,0.408426
876.5,0.040684,548.96,0.409135
876,0.0409005,552.922,0.409906
875.5,0.0411553,557.062,0.410419
875,0.0414153,561.264,0.410919
874.5,0.0417628,566.208,0.41109
874,0.0421053,571.108,0.411273
873.5,0.0425337,576.395,0.4109
873,0.0430224,582.17,0.410303
872.5,0.0435262,588.372,0.409874
872,0.0440048,594.151,0.409398
871.5,0.0444473,600.022,0.409328
871,0.0449479,606.439,0.409098
870.5,0.0453264,611.518,0.409079
870,0.0457775,617.924,0.409291
869.5,0.0461695,623.896,0.409738
869,0.0464839,629,0.410296
868.5,0.0467969,634.236,0.410944
868,0.0472839,641.05,0.411081
867.5,0.0476263,645.959,0.411251
867,0.04801,651.088,0.411204
866.5,0.0483816,656.111,0.411194
866,0.0487023,660.442,0.411182
865.5,0.0489844,664.264,0.41118
865,0.0491181,667.097,0.41181
864.5,0.0493183,670.703,0.412355
864,0.0494023,673.224,0.413202
863.5,0.0495467,676.218,0.41383
863,0.0496296,678.35,0.41444
862.5,0.0496602,680.099,0.415253
862,0.0497658,682.321,0.415726
861.5,0.0498339,683.777,0.416044
861,0.0499156,685.108,0.416171
860.5,0.0500351,686.598,0.41608
860,0.0501135,687.53,0.415993
859.5,0.0501577,688.227,0.416048
859,0.050261,688.756,0.415512
858.5,0.0503135,689.201,0.415347
858,0.0503545,689.334,0.415089
857.5,0.0503682,689.379,0.415003
857,0.0503695,689.504,0.415067
856.5,0.0504104,689.814,0.414917
856,0.0504069,689.39,0.41469
855.5,0.0504917,689.039,0.413783
855,0.0505882,688.59,0.412725
854.5,0.0507494,688.159,0.411157
854,0.0509805,687.703,0.409021
853.5,0.0511697,686.987,0.407084
853,0.0513644,686.339,0.405159
852.5,0.0515166,685.482,0.403458
852,0.0515877,684.676,0.402428
851.5,0.0516151,683.597,0.40158
851,0.051566,682.499,0.401317
850.5,0.0513986,681.207,0.401862
850,0.05121,680,0.402627
849.5,0.0509238,678.561,0.404034
849,0.0506463,677.141,0.405397
848.5,0.0503623,676.009,0.407002
848,0.0499708,674.364,0.409193
847.5,0.0495198,672.572,0.411821
847,0.0490213,670.9,0.414976
846.5,0.0485301,669.429,0.418257
846,0.0480207,668.021,0.421804
845.5,0.0474279,666.344,0.426004
845,0.0468825,664.867,0.430005
844.5,0.046299,663.082,0.434255
844,0.0457619,661.282,0.438159
843.5,0.0452252,659.231,0.441984
843,0.044755,657.169,0.445231
842.5,0.0442994,654.802,0.448189
842,0.043872,652.502,0.450965
841.5,0.0434756,649.861,0.453236
841,0.0432013,647.555,0.454495
840.5,0.0429606,644.87,0.455146
840,0.042783,642.278,0.455199
839.5,0.0427218,639.928,0.454183
839,0.0427459,637.184,0.451981
838.5,0.0427867,634.822,0.449876
838,0.042836,631.839,0.447247
837.5,0.0429273,629.22,0.444445
837,0.0430221,626.541,0.441578
836.5,0.0430829,623.419,0.438758
836,0.0432158,620.723,0.435517
835.5,0.0433803,618.077,0.432016
835,0.0435774,615.358,0.428169
834.5,0.043765,612.868,0.42461
834,0.0439877,610.636,0.420921
833.5,0.0442234,608.514,0.417223
833,0.044469,606.625,0.41363
832.5,0.0446835,604.33,0.410087
832,0.044815,602.091,0.407369
831.5,0.0449447,600.111,0.404858
831,0.0450128,597.943,0.402785
830.5,0.0450335,595.869,0.401203
830,0.0450572,593.704,0.399535
829.5,0.0450465,591.604,0.398217
829,0.0450017,589.324,0.397077
828.5,0.0449549,586.495,0.395582
828,0.044935,584.615,0.394489
827.5,0.0449489,582.373,0.392855
827,0.0448983,580.245,0.391859
826.5,0.0448295,577.805,0.390811
826,0.0448398,575.788,0.389357
825.5,0.0447916,573.347,0.388124
825,0.0447183,570.847,0.387065
824.5,0.0446486,568.236,0.385896
824,0.044576,565.786,0.384858
823.5,0.044517,563.482,0.383799
823,0.0444216,560.809,0.382799
822.5,0.0443841,558.473,0.381526
822,0.0442702,556.034,0.380837
821.5,0.0441701,553.392,0.379886
821,0.0440799,551.117,0.379099
820.5,0.0439958,548.835,0.378251
820,0.0439105,546.783,0.377569
819.5,0.0438372,544.327,0.376501
819,0.0437133,541.891,0.375879
818.5,0.043626,539.43,0.37492
818,0.0435048,536.953,0.374239
817.5,0.0433843,534.641,0.373662
817,0.0432884,532.2,0.37278
816.5,0.0431913,529.724,0.37188
816,0.0431038,527.443,0.371031
815.5,0.0430398,525.054,0.369899
815,0.0429399,522.54,0.368984
814.5,0.042822,519.89,0.368124
814,0.042718,517.319,0.367195
813.5,0.0425819,514.773,0.366555
813,0.0424552,512.241,0.365841
812.5,0.042309,509.493,0.365136
812,0.0421931,506.795,0.3642
811.5,0.0420838,504.403,0.363423
811,0.0418978,501.434,0.362888
810.5,0.0417241,499.016,0.362641
810,0.041583,496.54,0.362066
809.5,0.0414139,493.865,0.361586
809,0.0412952,491.579,0.360947
808.5,0.0411793,489.329,0.360306
808,0.0410728,487.154,0.359635
807.5,0.0409228,484.655,0.359101
807,0.0407144,481.782,0.3588
806.5,0.0405369,479.34,0.358544
806,0.0404025,477.049,0.358018
805.5,0.0402549,474.482,0.357396
805,0.0401368,472.081,0.356634
804.5,0.0400155,469.552,0.355799
804,0.0398865,466.955,0.354976
803.5,0.039783,464.233,0.353824
803,0.039659,461.556,0.352884
802.5,0.0395054,458.789,0.352132
802,0.0394278,456.179,0.350818
801.5,0.0393068,453.325,0.349697
801,0.039166,450.561,0.348814
800.5,0.0390616,447.58,0.347432
800,0.0389065,444.761,0.34662
799.5,0.0387749,441.71,0.345411
799,0.0386123,438.482,0.34433
798.5,0.0384682,435.355,0.343156
798,0.0383957,432.463,0.341519
797.5,0.0383002,429.421,0.339963
797,0.0381472,425.794,0.338444
796.5,0.0379696,422.403,0.337319
796,0.0378799,419.289,0.335625
795.5,0.0377264,415.925,0.334286
795,0.0375957,412.911,0.333018
794.5,0.0374626,409.913,0.331775
794,0.0372642,406.569,0.33082
793.5,0.037133,403.163,0.329208
793,0.0370477,400.21,0.327548
792.5,0.0369204,396.687,0.325784
792,0.0368336,393.536,0.323958
791.5,0.0366942,390.017,0.322281
791,0.0365437,386.571,0.320749
790.5,0.0364098,383.589,0.319446
790,0.0362437,380.259,0.318124
789.5,0.0360567,377.118,0.317132
789,0.0358633,374.12,0.316307
788.5,0.0356431,371.05,0.315651
788,0.0353561,367.837,0.315457
787.5,0.035093,364.812,0.315208
787,0.0347923,361.861,0.315361
786.5,0.0344933,359.008,0.315587
786,0.034206,356.274,0.315814
785.5,0.0339152,353.673,0.316197
785,0.033589,351.066,0.316914
784.5,0.0332308,348.27,0.317779
784,0.0328387,345.66,0.319164
783.5,0.0324604,343.057,0.320452
783,0.0320966,340.359,0.321535
782.5,0.0317484,337.844,0.322659
782,0.0313793,335.218,0.323917
781.5,0.0310266,332.533,0.324975
781,0.0306857,329.826,0.32591
780.5,0.0303251,326.882,0.326842
780,0.0300263,323.994,0.327178
779.5,0.0297292,321.133,0.327529
779,0.0294119,317.976,0.327809
778.5,0.0291241,314.612,0.327546
778,0.028823,310.797,0.326954
777.5,0.0285471,306.991,0.326071
777,0.0282631,303.15,0.325227
776.5,0.0280224,299.312,0.323867
776,0.0277976,295.671,0.322515
775.5,0.0275406,291.666,0.321115
775,0.027266,287.68,0.319917
774.5,0.0269434,283.627,0.319186
774,0.0266706,279.48,0.317736
773.5,0.0264003,275.428,0.316336
773,0.0260709,271.175,0.315386
772.5,0.0257689,267.033,0.314209
772,0.0254725,263.05,0.313125
771.5,0.0251691,258.867,0.311858
771,0.0248986,254.965,0.310495
770.5,0.024594,250.984,0.309433
770,0.0242579,247.201,0.308992
769.5,0.0239496,243.642,0.308463
769,0.0236223,239.524,0.307451
768.5,0.0233116,235.723,0.306605
768,0.0229712,231.662,0.305788
767.5,0.0225972,227.502,0.305268
767,0.0222898,223.854,0.304516
766.5,0.0219276,219.694,0.303793
766,0.021531,215.605,0.30363
765.5,0.0211691,211.507,0.30295
765,0.0208057,207.414,0.302277
764.5,0.020478,203.434,0.301222
764,0.0200879,199.238,0.300737
763.5,0.0197081,195.105,0.300174
763,0.0192934,190.771,0.299814
762.5,0.0188789,186.68,0.299826
762,0.0184697,182.432,0.299495
761.5,0.0181137,178.484,0.298772
761,0.017703,174.009,0.29804
760.5,0.0172716,169.597,0.297739
760,0.0168526,165.438,0.297657
759.5,0.0164005,160.86,0.297401
759,0.015965,156.461,0.297156
758.5,0.015508,151.976,0.297146
758,0.0150366,147.085,0.296598
757.5,0.0145709,142.301,0.296122
757,0.0141454,137.73,0.295231
756.5,0.0136664,132.906,0.294876
756,0.0131817,127.998,0.29443
755.5,0.0126803,123.017,0.294161
755,0.0121749,118,0.293877
754.5,0.0116423,112.707,0.293535
754,0.011117,107.579,0.293419
753.5,0.0105905,102.424,0.293248
753,0.0100472,96.8566,0.292303
752.5,0.00945113,91.0324,0.292053
752,0.00889772,85.6328,0.291817
751.5,0.00832891,80.0203,0.291314
751,0.00775066,74.4381,0.29121
750.5,0.00711813,68.3055,0.290964
750,0.00651716,62.5049,0.290807
749.5,0.00592719,56.8516,0.290833
749,0.00528483,50.7543,0.2912
748.5,0.0046664,44.8323,0.291313
748,0.00403753,38.8144,0.291492
747.5,0.00340349,32.7456,0.291727
747,0.00277526,26.702,0.291735
746.5,0.00214096,20.5595,0.291174
746,0.00145113,13.938,0.291236
745.5,0.000797069,7.64109,0.290676
745,0.000106467,1.0203,0.29058
744.5,-0.00057314,-5.48972,0.290428
744,-0.00128273,-12.2613,0.289836
743.5,-0.00199317,-19.0303,0.2895
743,-0.00272785,-26.027,0.289303
742.5,-0.0034359,-32.7859,0.289332
742,-0.00419081,-39.8857,0.288582
741.5,-0.00492454,-46.7509,0.287855
741,-0.00572282,-54.1882,0.287107
740.5,-0.00648933,-61.3334,0.28658
740,-0.00727719,-68.5775,0.285738
739.5,-0.00808274,-75.992,0.285075
739,-0.00890801,-83.5642,0.284439
738.5,-0.00973188,-91.1851,0.284104
738,-0.0105467,-98.7557,0.283919
737.5,-0.0114116,-106.547,0.283103
737,-0.0122798,-114.461,0.282629
736.5,-0.0131374,-122.356,0.282401
736,-0.0139862,-130.263,0.282403
735.5,-0.0148622,-138.262,0.282079
735,-0.015797,-146.95,0.282062
734.5,-0.0167132,-155.152,0.281479
734,-0.0176172,-163.395,0.281224
733.5,-0.0185135,-171.686,0.281188
733,-0.0194583,-180.606,0.281433
732.5,-0.0203957,-189.024,0.281014
732,-0.0213535,-197.938,0.281067
731.5,-0.0223038,-206.935,0.281323
731,-0.0232379,-215.669,0.28141
730.5,-0.0241816,-224.63,0.281664
730,-0.0251644,-233.743,0.281645
729.5,-0.0261085,-242.51,0.281642
729,-0.0270996,-251.762,0.281693
728.5,-0.0280774,-261.216,0.282093
728,-0.0291147,-270.634,0.281851
727.5,-0.030092,-279.72,0.281852
727,-0.0310654,-289.442,0.28251
726.5,-0.0321319,-299.278,0.282416
726,-0.0331512,-309.405,0.282994
725.5,-0.0342622,-319.733,0.282958
725,-0.0353073,-329.664,0.283111
724.5,-0.036394,-340.31,0.283527
724,-0.0375114,-351.167,0.283857
723.5,-0.0387764,-362.219,0.283239
723,-0.0399372,-372.981,0.283177
722.5,-0.0412289,-384.464,0.28275
722,-0.0425036,-396.183,0.282631
721.5,-0.0437192,-407.543,0.282651
721,-0.0450197,-419.572,0.282588
720.5,-0.0463475,-431.661,0.2824
720,-0.0476055,-443.274,0.282335
719.5,-0.0489404,-455.765,0.282373
719,-0.0502482,-467.679,0.282213
718.5,-0.0515995,-480.307,0.282242
718,-0.0529147,-492.37,0.28214
717.5,-0.0542456,-504.548,0.282025
717,-0.055622,-517.453,0.282081
716.5,-0.0569762,-529.712,0.2819
716,-0.0584341,-541.961,0.281223
715.5,-0.0598537,-554.979,0.281148
715,-0.0611518,-567.523,0.2814
714.5,-0.0625147,-580.003,0.281318
714,-0.0639173,-593.223,0.281416
713.5,-0.065231,-605.882,0.281633
713,-0.0667447,-618.824,0.281125
712.5,-0.0681459,-631.93,0.281176
712,-0.0696734,-645.904,0.281093
711.5,-0.0711228,-659.301,0.281076
711,-0.0725318,-672.644,0.281194
710.5,-0.073967,-687.004,0.281625
710,-0.0753857,-700.746,0.281852
709.5,-0.0769846,-715.378,0.281761
709,-0.0784259,-729.973,0.282226
708.5,-0.0799434,-743.995,0.282187
708,-0.0814329,-758.958,0.282597
707.5,-0.082814,-774.126,0.283437
707,-0.0842608,-788.558,0.283764
706.5,-0.0856761,-803.839,0.284485
706,-0.087086,-819.254,0.285246
705.5,-0.0885138,-834.834,0.285982
705,-0.0899898,-850.378,0.286529
704.5,-0.0912579,-865.868,0.287694
704,-0.0926119,-881.52,0.288612
703.5,-0.0937405,-896.468,0.289973
703,-0.0950525,-912.111,0.29096
702.5,-0.0964974,-927.811,0.291537
702,-0.0980411,-943.689,0.291857
701.5,-0.099539,-959.485,0.292277
701,-0.100798,-974.62,0.293179
700.5,-0.102366,-990.643,0.293434
700,-0.103687,-1006.6,0.29436
699.5,-0.10499,-1021.91,0.295131
699,-0.106478,-1037.99,0.295584
698.5,-0.108004,-1054.32,0.295991
698,-0.109424,-1069.87,0.29646
697.5,-0.110927,-1086.17,0.296899
697,-0.112422,-1102.48,0.29735
696.5,-0.113919,-1118.1,0.297601
696,-0.115428,-1134.62,0.29805
695.5,-0.117158,-1151.07,0.297905
695,-0.118975,-1167.65,0.297582
694.5,-0.120691,-1184.25,0.29752
694,-0.122098,-1200,0.298006
693.5,-0.123728,-1216.55,0.298134
693,-0.125256,-1233.19,0.298523
692.5,-0.126977,-1249.76,0.298436
692,-0.128501,-1266.25,0.298788
691.5,-0.130135,-1283.52,0.29906
691,-0.131754,-1299.79,0.299127
690.5,-0.133214,-1316.01,0.299543
690,-0.134644,-1331.98,0.299957
689.5,-0.136177,-1347.9,0.300126
689,-0.137766,-1364.35,0.300285
688.5,-0.139101,-1379.7,0.300749
688,-0.140446,-1395,0.301171
687.5,-0.141774,-1409.96,0.301551
687,-0.143239,-1425.46,0.301745
686.5,-0.144663,-1440.09,0.301843
686,-0.145864,-1454.49,0.302352
685.5,-0.146908,-1468.61,0.303116
685,-0.148063,-1483.28,0.303757
684.5,-0.149255,-1496.97,0.304112
684,-0.15042,-1510.36,0.304455
683.5,-0.151361,-1523.56,0.305208
683,-0.152536,-1536.62,0.305454
682.5,-0.153554,-1549.35,0.305941
682,-0.154645,-1561.71,0.306205
681.5,-0.155547,-1573.92,0.306811
681,-0.156395,-1585.91,0.30747
680.5,-0.157307,-1597.12,0.30785
680,-0.158199,-1608.77,0.308346
679.5,-0.158941,-1620.02,0.309053
679,-0.159526,-1630.66,0.309942
678.5,-0.160203,-1641.26,0.310638
678,-0.160696,-1650.96,0.311515
677.5,-0.161643,-1660.48,0.311478
677,-0.162259,-1669.66,0.312011
676.5,-0.162957,-1678.88,0.312388
676,-0.163559,-1687.4,0.31282
675.5,-0.164091,-1695.62,0.313324
675,-0.164594,-1703.44,0.313807
674.5,-0.164939,-1710.95,0.314531
674,-0.165409,-1718.49,0.31502
673.5,-0.165857,-1725.24,0.315402
673,-0.166208,-1731.6,0.315897
672.5,-0.166441,-1737.93,0.316609
672,-0.166736,-1743.39,0.31704
671.5,-0.167041,-1748.87,0.317455
671,-0.167313,-1753.42,0.317765
670.5,-0.167526,-1757.83,0.318159
670,-0.167925,-1761.85,0.318129
669.5,-0.167907,-1765.44,0.318812
669,-0.167868,-1768.54,0.319445
668.5,-0.167812,-1771.24,0.32004
668,-0.167607,-1773.32,0.320806
667.5,-0.167452,-1774.93,0.321395
667,-0.167185,-1776.09,0.32212
666.5,-0.16722,-1776.67,0.322156
666,-0.167117,-1776.77,0.322375
665.5,-0.166857,-1776.43,0.322815
665,-0.166652,-1775.61,0.323061
664.5,-0.166405,-1774.35,0.323313
664,-0.165867,-1772.6,0.324042
663.5,-0.165386,-1770.41,0.324582
663,-0.164885,-1767.6,0.325053
662.5,-0.164258,-1764.55,0.325729
662,-0.163823,-1760.95,0.325928
661.5,-0.163076,-1756.88,0.326664
661,-0.162364,-1752.61,0.3273
660.5,-0.161519,-1747.55,0.328062
660,-0.160832,-1742.49,0.328511
659.5,-0.159969,-1736.77,0.329199
659,-0.159165,-1730.51,0.329666
658.5,-0.15829,-1724.04,0.33025
658,-0.15744,-1716.81,0.330641
657.5,-0.156391,-1709.3,0.331404
657,-0.155217,-1701.36,0.332356
656.5,-0.154054,-1692.96,0.333213
656,-0.153091,-1683.96,0.333526
655.5,-0.152044,-1674.46,0.33393
655,-0.151238,-1664.62,0.333735
654.5,-0.149998,-1654.35,0.334421
654,-0.149042,-1643.84,0.334426
653.5,-0.147742,-1632.81,0.335104
653,-0.146681,-1621.35,0.335159
652.5,-0.14551,-1609.67,0.335422
652,-0.144232,-1597.59,0.335855
651.5,-0.143163,-1585.01,0.3357
651,-0.141941,-1572.08,0.335827
650.5,-0.140811,-1559.68,0.335852
650,-0.139534,-1546.26,0.336009
649.5,-0.138137,-1533.28,0.336559
649,-0.136735,-1519.23,0.336893
648.5,-0.13544,-1505.62,0.337069
648,-0.134121,-1491.25,0.337135
647.5,-0.132671,-1477.37,0.337647
647,-0.131307,-1463.31,0.337906
646.5,-0.129501,-1448.35,0.339116
646,-0.128185,-1433.97,0.339198
645.5,-0.126567,-1418.58,0.339844
645,-0.125031,-1403.82,0.340441
644.5,-0.12349,-1388.21,0.340857
644,-0.121852,-1372.39,0.341502
643.5,-0.120245,-1356.51,0.342062
643,-0.118591,-1340.63,0.342774
642.5,-0.117045,-1324.69,0.34317
642,-0.115489,-1308.42,0.343523
641.5,-0.113722,-1291.43,0.344332
641,-0.112206,-1275.18,0.344591
640.5,-0.110569,-1258.09,0.345006
640,-0.108923,-1241.74,0.345667
639.5,-0.107302,-1225.21,0.346221
639,-0.105675,-1208.67,0.346806
638.5,-0.104042,-1191.25,0.347174
638,-0.102426,-1174.52,0.347696
637.5,-0.100891,-1158.74,0.348246
637,-0.0993113,-1142.07,0.348693
636.5,-0.0977857,-1126.24,0.349224
636,-0.0962718,-1109.62,0.349481
635.5,-0.0948052,-1093.67,0.349789
635,-0.0934122,-1077.82,0.349858
634.5,-0.0919254,-1061.92,0.350272
634,-0.0902075,-1045.24,0.351337
633.5,-0.0886203,-1029.41,0.352213
633,-0.0870618,-1013.53,0.352988
632.5,-0.0856094,-997.634,0.353345
632,-0.0840683,-980.959,0.353808
631.5,-0.082625,-965.193,0.354203
631,-0.0810999,-948.602,0.354661
630.5,-0.0795683,-932.126,0.355209
630,-0.0779654,-915.732,0.356136
629.5,-0.0764939,-899.426,0.356523
629,-0.0749725,-882.273,0.356821
628.5,-0.0735898,-866.13,0.356874
628,-0.072233,-850.051,0.356828
627.5,-0.0707977,-833.972,0.357175
627,-0.0693339,-817.933,0.357702
626.5,-0.0677924,-802.095,0.358752
626,-0.0664313,-786.276,0.358882
625.5,-0.0651479,-771.454,0.359053
625,-0.063867,-755.834,0.358839
624.5,-0.0625989,-741.952,0.359384
624,-0.061343,-727.418,0.359558
623.5,-0.0600675,-712.999,0.359914
623,-0.0588188,-699.387,0.360538
622.5,-0.0576663,-686.014,0.360712
622,-0.0564677,-672.575,0.361152
621.5,-0.0553119,-659.249,0.361394
621,-0.0541715,-645.311,0.3612
620.5,-0.0530195,-632.234,0.361569
620,-0.0518928,-619.259,0.361838
619.5,-0.0507482,-606.454,0.362348
619,-0.0495493,-592.989,0.362876
618.5,-0.0484066,-579.741,0.363143
618,-0.0472357,-566.654,0.363745
617.5,-0.0461346,-553.635,0.36387
617,-0.0450261,-540.948,0.364284
616.5,-0.043866,-527.709,0.364767
616,-0.04274,-514.599,0.365077
615.5,-0.0416956,-502.508,0.365429
615,-0.0406013,-489.984,0.365924
614.5,-0.0395692,-477.651,0.366018
614,-0.0384915,-464.867,0.366195
613.5,-0.0374534,-452.915,0.366669
613,-0.0364798,-441.336,0.366831
612.5,-0.0355062,-429.956,0.367172
612,-0.0345526,-418.761,0.367481
611.5,-0.0336301,-407.798,0.367677
611,-0.0326954,-397.062,0.368231
610.5,-0.031804,-386.495,0.368478
610,-0.0309026,-376.195,0.369119
609.5,-0.0300453,-366.015,0.369378
609,-0.0292021,-355.994,0.36964
608.5,-0.0283882,-346.141,0.369713
608,-0.0275733,-336.382,0.369908
607.5,-0.0267895,-326.92,0.370021
607,-0.0259936,-317.457,0.370312
606.5,-0.0252355,-308.648,0.370852
606,-0.0244797,-299.449,0.370907
605.5,-0.0237536,-290.47,0.370785
605,-0.0230044,-281.639,0.37122
604.5,-0.0222834,-272.872,0.371301
604,-0.0215618,-264.283,0.371648
603.5,-0.020874,-255.82,0.371601
603,-0.0201707,-247.489,0.372036
602.5,-0.0195476,-239.742,0.371878
602,-0.0188653,-231.565,0.372185
601.5,-0.0181999,-223.61,0.37254
601,-0.0175644,-215.749,0.372447
600.5,-0.0169506,-208.473,0.372917
600,-0.0163264,-200.775,0.37288
599.5,-0.0157243,-193.67,0.373456
599,-0.0151158,-186.272,0.373649
598.5,-0.0145249,-179.095,0.373868
598,-0.0139851,-172.308,0.373585
597.5,-0.0134073,-165.294,0.373821
597,-0.0128376,-158.397,0.374123
596.5,-0.0123201,-151.886,0.373811
596,-0.0117646,-145.212,0.374261
595.5,-0.0112365,-138.675,0.374212
595,-0.0106995,-132.133,0.374454
594.5,-0.0101773,-125.69,0.37447
594,-0.00965285,-119.328,0.374831
593.5,-0.00917283,-113.216,0.374243
593,-0.00866345,-106.812,0.373832
592.5,-0.00818044,-100.878,0.37391
592,-0.00770586,-94.9333,0.373549
591.5,-0.00724618,-89.236,0.373405
591,-0.00679758,-83.5307,0.372598
590.5,-0.0063447,-77.8563,0.372076
590,-0.0058965,-72.3022,0.371797
589.5,-0.00545113,-66.8671,0.371942
589,-0.00502889,-61.6979,0.372004
588.5,-0.00459869,-56.3506,0.371547
588,-0.00419952,-51.397,0.371097
587.5,-0.00377307,-46.1699,0.371034
587,-0.00337511,-41.286,0.370907
586.5,-0.00298427,-36.5196,0.371053
586,-0.00257946,-31.5153,0.37046
585.5,-0.00219837,-26.8325,0.370092
585,-0.00179547,-21.9369,0.370463
584.5,-0.00141082,-17.2147,0.36998
584,-0.00101958,-12.4271,0.369569
583.5,-0.000625959,-7.62269,0.369242
583,-0.000237587,-2.88884,0.368681
582.5,0.000157184,1.90995,0.368436
582,0.000533132,6.47293,0.368142
581.5,0.000903101,10.9591,0.367951
581,0.0012891,15.616,0.367309
580.5,0.00164869,19.9577,0.367046
580,0.00201959,24.4427,0.366975
579.5,0.00237185,28.68,0.366641
579,0.00271607,32.8164,0.366353
578.5,0.00305941,36.9185,0.365895
578,0.00338603,40.7822,0.365198
577.5,0.00371614,44.741,0.365058
577,0.00402843,48.4493,0.364671
576.5,0.00433714,52.1031,0.364258
576,0.00464219,55.683,0.363705
575.5,0.00493916,59.1613,0.36319
575,0.00523228,62.6919,0.363304
574.5,0.00551125,65.9215,0.362683
574,0.00578924,69.1462,0.362157
573.5,0.00607248,72.4409,0.361715
573,0.00633852,75.533,0.361326
572.5,0.00660834,78.6851,0.361036
572,0.00687458,81.6679,0.360209
571.5,0.00711949,84.4696,0.35975
571,0.00737361,87.2762,0.358893
570.5,0.00762393,90.0137,0.357997
570,0.00784871,92.6371,0.357879
569.5,0.00807629,95.1097,0.357077
569,0.0083007,97.482,0.356089
568.5,0.00849846,99.7197,0.355787
568,0.00870178,101.882,0.35501
567.5,0.00889802,104.034,0.354513
567,0.00906716,105.907,0.354164
566.5,0.00924279,107.737,0.353435
566,0.00938477,109.404,0.353475
565.5,0.00951502,111.004,0.353735
565,0.00965022,112.422,0.353234
564.5,0.00977562,113.805,0.352994
564,0.00988889,115.059,0.352796
563.5,0.0100102,116.236,0.352085
563,0.0101106,117.317,0.351832
562.5,0.0101977,118.262,0.351635
562,0.0102931,119.138,0.350956
561.5,0.0103747,119.847,0.350268
561,0.0104375,120.514,0.350098
560.5,0.0104887,121.125,0.350153
560,0.0105476,121.658,0.349733
559.5,0.0106055,121.943,0.34864
559,0.0106426,122.214,0.348194
558.5,0.0106795,122.399,0.347517
558,0.0107225,122.555,0.346565
557.5,0.0107607,122.62,0.345517
557,0.0107863,122.594,0.344627
556.5,0.0107959,122.513,0.344092
556,0.0107879,122.277,0.343683
555.5,0.0107878,122.064,0.343086
555,0.0107764,121.69,0.342398
554.5,0.0107547,121.242,0.341824
554,0.0107321,120.761,0.341187
553.5,0.0107123,120.269,0.340425
553,0.0106789,119.72,0.339929
552.5,0.0106442,119.059,0.339157
552,0.0106208,118.358,0.337902
551.5,0.0105785,117.669,0.337276
551,0.0105194,116.981,0.337189
550.5,0.0104626,116.116,0.336512
550,0.0103963,115.223,0.336055
549.5,0.0103302,114.31,0.335524
549,0.0102571,113.323,0.335001
548.5,0.0101777,112.294,0.334545
548,0.0101051,111.253,0.333824
547.5,0.0100422,110.114,0.332477
547,0.00996167,109.076,0.332007
546.5,0.00987254,107.895,0.331377
546,0.00978534,106.807,0.330959
545.5,0.00969998,105.612,0.330134
545,0.00959527,104.284,0.32954
544.5,0.0094843,103.006,0.329312
544,0.00938093,101.748,0.328874
543.5,0.00926737,100.426,0.328577
543,0.00916494,99.0442,0.327679
542.5,0.00906853,97.6691,0.326565
542,0.00895362,96.3583,0.326317
541.5,0.00884434,95.0694,0.32593
541,0.00872751,93.6399,0.325327
540.5,0.0086158,92.255,0.324671
540,0.00850041,90.9512,0.324427
539.5,0.00837906,89.529,0.32398
539,0.00826158,88.2311,0.323823
538.5,0.00815012,86.7808,0.322856
538,0.00803856,85.3662,0.322001
537.5,0.00792689,83.9953,0.321293
537,0.00781949,82.6465,0.320476
536.5,0.00769882,81.2631,0.32005
536,0.00761067,79.9065,0.318353
535.5,0.00750355,78.5416,0.317382
535,0.00739119,77.2266,0.316812
534.5,0.00726331,75.8737,0.316742
534,0.00714113,74.3988,0.315899
533.5,0.00703614,73.0399,0.314757
533,0.00693096,71.6727,0.313552
532.5,0.00681378,70.2792,0.312743
532,0.00670662,68.9247,0.311616
531.5,0.00659197,67.5769,0.310837
531,0.00648131,66.2617,0.309991
530.5,0.0063661,64.9732,0.309464
530,0.00624926,63.716,0.30915
529.5,0.00613373,62.4537,0.308733
529,0.00601469,61.1084,0.308061
528.5,0.00590895,59.9012,0.30738
528,0.00578893,58.6368,0.307129
527.5,0.00567331,57.4165,0.306867
527,0.00556339,56.2241,0.306431
526.5,0.00544639,54.9298,0.305808
526,0.00534608,53.7475,0.30484
525.5,0.0052384,52.6059,0.304498
525,0.00512399,51.3806,0.304046
524.5,0.00501733,50.2549,0.303707
524,0.00490884,49.117,0.303391
523.5,0.00478933,47.8919,0.303206
523,0.00468825,46.7429,0.302311
522.5,0.00457565,45.5402,0.301781
522,0.00446779,44.3316,0.300864
521.5,0.00436291,43.2126,0.300319
521,0.00425312,42.0182,0.299557
520.5,0.00414969,40.8801,0.298707
520,0.0040423,39.7574,0.298221
519.5,0.00394223,38.6487,0.297264
519,0.00383961,37.5504,0.296536
518.5,0.00372484,36.3293,0.295732
518,0.00362227,35.2557,0.295119
517.5,0.00352582,34.236,0.294424
517,0.0034245,33.1966,0.293931
516.5,0.00331217,32.0636,0.293528
516,0.0032193,31.0237,0.292201
515.5,0.00312527,30.0224,0.291278
515,0.00303216,29.0241,0.29024
514.5,0.00292578,28.0234,0.290421
514,0.00283332,27.061,0.289599
513.5,0.00274432,26.1294,0.288698
513,0.00264709,25.2001,0.288658
512.5,0.00255524,24.2849,0.288173
512,0.00246465,23.3573,0.287355
511.5,0.00237455,22.4548,0.286733
511,0.00228563,21.5704,0.286155
510.5,0.00219848,20.7119,0.285658
510,0.00210911,19.8353,0.285161
509.5,0.00201835,18.9404,0.284539
509,0.0019215,18.026,0.284451
508.5,0.0018446,17.2715,0.283908
508,0.00175767,16.4224,0.283301
507.5,0.00167308,15.6177,0.28304
507,0.00158123,14.7378,0.282609
506.5,0.00150024,13.9292,0.281523
506,0.00141505,13.08,0.280276
505.5,0.00133068,12.2777,0.279763
505,0.00124696,11.4718,0.278952
504.5,0.00116198,10.6592,0.27815
504,0.00108716,9.94592,0.277397
503.5,0.00100894,9.21649,0.276981
503,0.000929394,8.47457,0.276482
502.5,0.000854884,7.7773,0.275849
502,0.000779516,7.07062,0.275031
501.5,0.000705806,6.39779,0.274849
501,0.000635846,5.75618,0.274493
500.5,0.00056643,5.10768,0.273418
500,0.000490067,4.40869,0.272774
499.5,0.000419271,3.7643,0.272232
499,0.000348315,3.12297,0.27186
498.5,0.000282867,2.53802,0.272058
498,0.000214017,1.92059,0.272104
497.5,0.000151088,1.35719,0.272371
497,8.07E-05,0.725224,0.272385
496.5,1.06E-05,0.0956461,0.272817
496,-5.71E-05,-0.513343,0.272744
495.5,-0.00012712,-1.1429,0.272613
495,-0.000193946,-1.74331,0.272547
494.5,-0.00026002,-2.33633,0.272443
494,-0.000330457,-2.97146,0.272649
493.5,-0.000390546,-3.51084,0.272576
493,-0.000456878,-4.10332,0.272323
492.5,-0.000527398,-4.73154,0.272028
492,-0.000580669,-5.20668,0.271883
491.5,-0.000639256,-5.7318,0.271873
491,-0.000704835,-6.31047,0.271471
490.5,-0.000763049,-6.8271,0.27129
490,-0.000818671,-7.3178,0.271032
489.5,-0.000870851,-7.78294,0.270988
489,-0.000924428,-8.27284,0.271351
488.5,-0.000976124,-8.70211,0.270314
488,-0.00102805,-9.16245,0.270238
487.5,-0.00106811,-9.52446,0.27038
487,-0.00111801,-9.96573,0.27028
486.5,-0.0011624,-10.3759,0.270658
486,-0.00120902,-10.7672,0.270034
485.5,-0.00125398,-11.1699,0.270089
485,-0.00129627,-11.5472,0.270104
484.5,-0.00134052,-11.9587,0.270497
484,-0.00137821,-12.312,0.270873
483.5,-0.00142727,-12.7732,0.271358
483,-0.00147488,-13.2172,0.271726
482.5,-0.00151083,-13.5623,0.272187
482,-0.00155492,-13.9431,0.271895
481.5,-0.00159991,-14.354,0.272038
481,-0.00164963,-14.7801,0.271669
480.5,-0.00169032,-15.1314,0.27143
480,-0.00172901,-15.4993,0.27181
479.5,-0.00177502,-15.8901,0.271439
479,-0.00181913,-16.2428,0.270737
478.5,-0.00185373,-16.5506,0.270718
478,-0.00188811,-16.8488,0.270576
477.5,-0.00191937,-17.1249,0.270532
477,-0.00195415,-17.4234,0.270349
476.5,-0.0019911,-17.6923,0.269426
476,-0.00202799,-17.9866,0.268926
475.5,-0.00206038,-18.2705,0.268876
475,-0.00209189,-18.524,0.268501
474.5,-0.00211512,-18.7255,0.268441
474,-0.00214203,-18.9771,0.26863
473.5,-0.00216623,-19.1684,0.268306
473,-0.00218577,-19.3725,0.268738
472.5,-0.00220853,-19.5754,0.268755
472,-0.00222715,-19.7599,0.26902
471.5,-0.00225482,-20.0072,0.269044
471,-0.00227746,-20.2118,0.269093
470.5,-0.00230089,-20.4533,0.269536
470,-0.00232495,-20.6731,0.269614
469.5,-0.00234755,-20.8944,0.269876
469,-0.00237241,-21.1426,0.27022
468.5,-0.00238486,-21.3214,0.271084
468,-0.00239692,-21.4937,0.271899
467.5,-0.00241244,-21.6741,0.272417
467,-0.00242721,-21.8349,0.272768
466.5,-0.00243997,-22.0056,0.273464
466,-0.00246649,-22.2495,0.273521
465.5,-0.00249348,-22.479,0.273351
465,-0.00251253,-22.6955,0.273891
464.5,-0.00253395,-22.8762,0.273738
464,-0.00254706,-23.0441,0.274328
463.5,-0.00256803,-23.2617,0.274657
463,-0.00258323,-23.4155,0.274846
462.5,-0.00259261,-23.5509,0.275435
462,-0.00260585,-23.7125,0.275916
461.5,-0.00261583,-23.8627,0.276605
461,-0.00262299,-23.9508,0.276868
460.5,-0.00264315,-24.1323,0.276838
460,-0.00265958,-24.3122,0.277179
459.5,-0.002677,-24.4473,0.276905
459,-0.0026957,-24.6063,0.276773
458.5,-0.00271532,-24.7911,0.276837
458,-0.00273138,-24.9276,0.276724
457.5,-0.00273737,-25.024,0.277187
457,-0.00274889,-25.1259,0.27715
456.5,-0.00276568,-25.312,0.277507
456,-0.00277706,-25.4176,0.277522
455.5,-0.00278755,-25.5163,0.277552
455,-0.00279293,-25.5936,0.277857
454.5,-0.00279358,-25.6807,0.278737
454,-0.00280181,-25.7835,0.279031
453.5,-0.00281006,-25.8783,0.279234
453,-0.00282937,-26.0177,0.278823
452.5,-0.00284769,-26.1946,0.278913
452,-0.00285738,-26.3246,0.279347
451.5,-0.00287379,-26.4777,0.279366
451,-0.002885,-26.5824,0.279382
450.5,-0.00288859,-26.6234,0.279464
450,-0.00289553,-26.7097,0.279699
449.5,-0.00289779,-26.7742,0.280156
449,-0.00290087,-26.8514,0.280665
448.5,-0.00291488,-26.9619,0.280465
448,-0.00291163,-26.9932,0.281105
447.5,-0.00291604,-27.1047,0.281839
447,-0.0029254,-27.1731,0.281645
446.5,-0.00293818,-27.2358,0.281068
446,-0.00295381,-27.3501,0.280754
445.5,-0.00296308,-27.4265,0.280657
445,-0.00297145,-27.5204,0.280824
444.5,-0.00296864,-27.5395,0.281286
444,-0.00296761,-27.5641,0.281635
443.5,-0.00297973,-27.6559,0.281424
443,-0.00298207,-27.705,0.281701
442.5,-0.00298116,-27.7623,0.282372
442,-0.00298353,-27.8166,0.282698
441.5,-0.00299248,-27.9085,0.282783
441,-0.00299902,-27.9515,0.282602
440.5,-0.00300586,-28.0166,0.282616
440,-0.00300321,-28.0455,0.283157
439.5,-0.00301018,-28.0984,0.283034
439,-0.00301877,-28.1298,0.282543
438.5,-0.00302129,-28.2122,0.283136
438,-0.00302455,-28.2297,0.283005
437.5,-0.00302713,-28.26,0.283068
437,-0.00302589,-28.2298,0.282881
436.5,-0.00303449,-28.2891,0.282672
436,-0.00304163,-28.324,0.282357
435.5,-0.00304495,-28.3142,0.281951
435,-0.00304026,-28.3268,0.282511
434.5,-0.00304147,-28.3015,0.282148
434,-0.00304311,-28.3267,0.282246
433.5,-0.00304449,-28.3221,0.282072
433,-0.00304084,-28.2958,0.282149
432.5,-0.00303919,-28.279,0.282135
432,-0.00304209,-28.3123,0.282196
431.5,-0.0030432,-28.315,0.282121
431,-0.00304129,-28.28,0.281949
430.5,-0.00303622,-28.2597,0.282217
430,-0.00304136,-28.2622,0.281765
429.5,-0.00304139,-28.2833,0.281973
429,-0.00304188,-28.2899,0.281993
428.5,-0.00304198,-28.2801,0.281886
428,-0.00303929,-28.2702,0.282037
427.5,-0.00303676,-28.2605,0.282175
427,-0.0030377,-28.2846,0.282329
426.5,-0.00304091,-28.274,0.281925
426,-0.0030425,-28.3213,0.282249
425.5,-0.0030453,-28.3551,0.282325
425,-0.00303877,-28.3088,0.28247
424.5,-0.00303905,-28.3023,0.282379
424,-0.00303603,-28.2886,0.282523
423.5,-0.00303619,-28.2678,0.282301
423,-0.00304259,-28.2939,0.281968
422.5,-0.00304871,-28.3167,0.281628
422,-0.00304912,-28.31,0.281523
421.5,-0.0030397,-28.2512,0.28181
421,-0.00302954,-28.2102,0.282345
420.5,-0.0030243,-28.1842,0.282572
420,-0.00302391,-28.2113,0.282881
419.5,-0.00302629,-28.1726,0.282271
419,-0.00302361,-28.1859,0.282654
418.5,-0.00301118,-28.1195,0.283153
418,-0.00300489,-28.0795,0.283341
417.5,-0.00300462,-28.052,0.28309
417,-0.00300178,-28.0007,0.282839
416.5,-0.00300074,-28.0127,0.283058
416,-0.0029994,-27.955,0.282601
415.5,-0.00299609,-27.9228,0.282587
415,-0.00299317,-27.8743,0.282372
414.5,-0.00298259,-27.8027,0.282646
414,-0.0029729,-27.7511,0.283041
413.5,-0.00297095,-27.7738,0.283458
413,-0.00297586,-27.7674,0.282926
412.5,-0.00297278,-27.7273,0.282809
412,-0.00297243,-27.7072,0.282638
411.5,-0.00296444,-27.6461,0.282775
411,-0.00296156,-27.5919,0.282495
410.5,-0.00296631,-27.587,0.281993
410,-0.00296699,-27.5338,0.281384
409.5,-0.00296963,-27.4877,0.280663
409,-0.00297253,-27.494,0.280453
408.5,-0.00297065,-27.4255,0.279932
408,-0.00296471,-27.4008,0.280241
407.5,-0.00296648,-27.4039,0.280105
407,-0.00295978,-27.3693,0.280385
406.5,-0.00295415,-27.3489,0.280709
406,-0.00294718,-27.303,0.2809
405.5,-0.00294668,-27.2664,0.280572
405,-0.00293181,-27.1382,0.280669
404.5,-0.00293126,-27.1131,0.280462
404,-0.00293042,-27.0627,0.280021
403.5,-0.00292204,-27.0196,0.280377
403,-0.00291794,-26.9956,0.280521
402.5,-0.00291787,-26.9512,0.280067
402,-0.002906,-26.8811,0.280479
401.5,-0.00290676,-26.8705,0.280295
401,-0.00289224,-26.8181,0.281153
400.5,-0.00287999,-26.7279,0.2814
400,-0.00287879,-26.7248,0.281484
