Wavelength (nm);Parallel ;Perpendicular
250;30.20126;32.59044
251;30.53368;32.90379
252;30.77158;33.19777
253;30.92485;33.47417
254;31.00275;33.73467
255;31.01389;33.98089
256;30.96629;34.21433
257;30.86738;34.4364
258;30.72404;34.64844
259;30.54262;34.85171
260;30.32895;35.04738
261;30.08838;35.23655
262;29.82579;35.42023
263;29.54564;35.59937
264;29.25194;35.77484
265;28.94832;35.94746
266;28.63803;36.11797
267;28.32395;36.28703
268;28.00864;36.45527
269;27.69433;36.62323
270;27.38294;36.79143
271;27.07612;36.96029
272;26.77526;37.13021
273;26.48149;37.30152
274;26.19572;37.47453
275;25.91864;37.64946
276;25.65075;37.82651
277;25.39236;38.00585
278;25.14362;38.18759
279;24.90452;38.37181
280;24.67494;38.55854
281;24.45458;38.7478
282;24.2431;38.93956
283;24.04;39.13376
284;23.84473;39.33033
285;23.65667;39.52915
286;23.47511;39.7301
287;23.29932;39.933
288;23.12851;40.1377
289;22.96187;40.344
290;22.79856;40.55169
291;22.63775;40.76053
292;22.47859;40.97031
293;22.32023;41.18075
294;22.16186;41.39162
295;22.00267;41.60265
296;21.84189;41.81356
297;21.67878;42.02409
298;21.51264;42.23396
299;21.34282;42.44289
300;21.16873;42.65062
301;20.98982;42.85687
302;20.80561;43.06138
303;20.61569;43.2639
304;20.41971;43.46417
305;20.21739;43.66196
306;20.00854;43.85704
307;19.79302;44.04921
308;19.57079;44.23826
309;19.34187;44.42401
310;19.10638;44.6063
311;18.86449;44.785
312;18.61648;44.95998
313;18.36269;45.13115
314;18.10354;45.29843
315;17.83952;45.46178
316;17.57119;45.62118
317;17.29921;45.77665
318;17.02427;45.92822
319;16.74715;46.07597
320;16.46867;46.22002
321;16.18971;46.36049
322;15.91122;46.49758
323;15.63418;46.63151
324;15.3596;46.76252
325;15.08855;46.89091
326;14.8221;47.01703
327;14.56135;47.14127
328;14.30742;47.26404
329;14.06143;47.38582
330;13.82448;47.50713
331;13.59769;47.62854
332;13.38212;47.75068
333;13.17883;47.87421
334;12.98881;47.99986
335;12.81301;48.12839
336;12.65232;48.26066
337;12.50755;48.39753
338;12.37941;48.53995
339;12.26852;48.68893
340;12.1754;48.84553
341;12.1004;49.01087
342;12.04378;49.18613
343;12.00561;49.37257
344;11.9858;49.57148
345;11.98407;49.78425
346;11.99995;50.01232
347;12.03273;50.25719
348;12.08149;50.52044
349;12.14505;50.80372
350;12.22194;51.10873
351;10.88446;50.59893
352;11.19391;50.99014
353;10.66437;51.09756
354;10.68027;51.66744
355;11.37516;51.67089
356;11.01706;51.12489
357;10.24268;52.52481
358;11.35918;52.13513
359;11.36301;52.36087
360;10.36013;52.00242
361;10.33915;52.91888
362;10.61384;52.50982
363;9.74873;52.88681
364;10.48406;53.40792
365;10.21982;52.92316
366;11.04041;53.48679
367;9.97003;53.89472
368;10.49567;53.24961
369;10.44673;53.86578
370;9.62119;54.08046
371;10.21304;54.20793
372;10.28954;54.32784
373;10.20908;54.22506
374;10.50373;54.90347
375;10.22054;54.91397
376;9.65103;54.63812
377;10.39492;55.04253
378;9.80325;55.26856
379;9.44596;55.19723
380;10.13295;55.62603
381;9.94162;55.73184
382;10.71498;55.88737
383;10.00132;56.03065
384;9.90198;55.96537
385;10.30345;56.45379
386;10.32016;56.30317
387;10.06215;56.61517
388;10.38345;56.64165
389;9.68201;56.80617
390;10.62393;56.90189
391;10.5969;57.18737
392;9.74029;57.01004
393;9.99152;57.44877
394;9.84799;57.36921
395;9.85203;57.55603
396;10.24562;57.87717
397;9.91394;58.01854
398;9.66885;58.04897
399;9.5018;58.20346
400;10.00493;58.43888
401;9.87766;58.4602
402;9.94915;58.52909
403;9.91736;58.74762
404;10.21396;58.88226
405;10.0453;58.90715
406;9.97194;59.16183
407;9.80955;59.2538
408;9.95471;59.46503
409;10.17373;59.54058
410;10.05866;59.72847
411;10.02899;59.74366
412;9.91497;59.98907
413;10.40555;60.043
414;9.92589;60.14512
415;10.02078;60.30016
416;9.91091;60.41592
417;10.11055;60.63704
418;9.86586;60.7204
419;10.14157;60.74818
420;9.81907;60.91072
421;9.97858;60.94968
422;9.8833;61.08144
423;9.92532;61.25745
424;10.09201;61.43169
425;10.21703;61.51225
426;10.30483;61.68079
427;10.25295;61.71649
428;10.14822;61.85785
429;10.05779;61.98354
430;10.39704;62.11887
431;9.99603;62.20247
432;10.04279;62.28409
433;10.36448;62.42946
434;10.15695;62.58284
435;10.18086;62.56015
436;10.00669;62.78838
437;10.16323;62.8597
438;10.36684;63.04874
439;10.27414;63.10389
440;10.14788;63.15672
441;10.24479;63.23538
442;10.22311;63.36478
443;10.41548;63.47942
444;10.40938;63.64112
445;10.32442;63.78388
446;10.43748;63.84326
447;10.38658;63.91659
448;10.34422;64.00038
449;10.50654;64.135
450;10.49132;64.22597
451;10.4941;64.33202
452;10.3067;64.43384
453;10.46155;64.54976
454;10.3535;64.66441
455;10.33807;64.72942
456;10.4207;64.84964
457;10.56166;64.90009
458;10.60189;65.0909
459;10.39577;65.1176
460;10.57326;65.24308
461;10.56228;65.32591
462;10.60868;65.4073
463;10.68201;65.54626
464;10.73293;65.63177
465;10.73704;65.7403
466;10.83673;65.82925
467;10.73409;65.91347
468;10.77547;66.00317
469;10.73649;66.08331
470;10.78479;66.19246
471;10.74978;66.26986
472;10.61086;66.37077
473;10.73149;66.47705
474;10.69513;66.54144
475;10.61195;66.62632
476;10.6379;66.70035
477;10.59319;66.82571
478;10.75645;66.8983
479;10.70094;67.00314
480;10.7563;67.09212
481;10.8764;67.19773
482;10.83216;67.30845
483;10.87266;67.35003
484;10.93217;67.44007
485;10.9365;67.51424
486;11.09168;67.60516
487;11.12108;67.72107
488;11.06821;67.80796
489;11.11259;67.89449
490;11.15428;67.99329
491;11.15869;68.07854
492;11.13942;68.16686
493;11.13593;68.27497
494;11.15052;68.33446
495;11.06004;68.46016
496;11.0771;68.52009
497;10.94378;68.60352
498;10.96288;68.70093
499;10.89422;68.76411
500;10.9621;68.84309
501;10.95156;68.9482
502;10.9423;69.02358
503;11.05538;69.14156
504;11.03964;69.22002
505;11.14561;69.27493
506;11.13212;69.40475
507;11.2515;69.47838
508;11.27946;69.57992
509;11.24665;69.63554
510;11.35102;69.71188
511;11.47646;69.8114
512;11.48522;69.90163
513;11.46333;69.98761
514;11.48332;70.10118
515;11.49312;70.16057
516;11.50233;70.25882
517;11.45375;70.32535
518;11.44415;70.41302
519;11.43332;70.50288
520;11.34184;70.60126
521;11.37843;70.6622
522;11.26837;70.77963
523;11.24386;70.82154
524;11.2247;70.94095
525;11.21422;70.99712
526;11.22775;71.10168
527;11.25309;71.17547
528;11.21772;71.25433
529;11.26745;71.33785
530;11.27275;71.41325
531;11.38265;71.50867
532;11.42768;71.58652
533;11.46671;71.6705
534;11.57256;71.74075
535;11.62536;71.85033
536;11.6071;71.91289
537;11.69297;71.99184
538;11.63492;72.08504
539;11.77954;72.14335
540;11.7881;72.23569
541;11.86427;72.35209
542;11.75205;72.40858
543;11.79718;72.48368
544;11.77594;72.54421
545;11.7409;72.6442
546;11.7669;72.74435
547;11.76657;72.82139
548;11.73381;72.87143
549;11.64159;72.94684
550;11.57258;73.01624
551;11.52575;73.07212
552;11.56546;73.17823
553;11.47878;73.23122
554;11.45722;73.29605
555;11.46147;73.36822
556;11.47318;73.46137
557;11.54693;73.49676
558;11.49984;73.57053
559;11.55786;73.6461
560;11.61902;73.70163
561;11.67812;73.78381
562;11.75889;73.83708
563;11.75102;73.89516
564;11.80778;73.98459
565;11.84705;74.02851
566;11.90647;74.06766
567;11.93956;74.12777
568;12.00467;74.20158
569;12.06934;74.26151
570;12.02363;74.29136
571;12.05375;74.41523
572;12.11985;74.44306
573;12.01363;74.50809
574;12.13264;74.54877
575;12.05049;74.60944
576;12.03605;74.71602
577;12.03214;74.71848
578;11.92397;74.76265
579;11.9133;74.8147
580;11.92466;74.86094
581;11.87494;74.90178
582;11.79206;74.94223
583;11.80423;75.00249
584;11.71166;75.00581
585;11.71718;75.07986
586;11.72377;75.136
587;11.71776;75.17719
588;11.66241;75.19233
589;11.67723;75.24359
590;11.69847;75.2822
591;11.69256;75.33823
592;11.74854;75.37124
593;11.77858;75.39883
594;11.798;75.4359
595;11.85767;75.46113
596;11.85606;75.51162
597;11.94891;75.54048
598;12.0114;75.57792
599;12.05017;75.61436
600;12.13547;75.64335
601;12.1362;75.66649
602;12.18927;75.71627
603;12.18895;75.73013
604;12.27325;75.7629
605;12.30548;75.80892
606;12.31593;75.80837
607;12.30258;75.8466
608;12.29075;75.87422
609;12.35335;75.89838
610;12.28737;75.93245
611;12.25647;75.96279
612;12.17336;75.97361
613;12.15905;76.00432
614;12.14882;76.01256
615;12.13454;76.04571
616;12.03398;76.06957
617;11.97886;76.10426
618;12.0326;76.10677
619;11.89697;76.12382
620;11.91901;76.14979
621;11.87723;76.17077
622;11.86652;76.18147
623;11.95224;76.22281
624;11.8968;76.23718
625;11.77944;76.2499
626;11.88159;76.26411
627;11.88421;76.29604
628;11.89365;76.29195
629;11.94218;76.33789
630;11.93587;76.35469
631;12.01813;76.33997
632;12.00685;76.35689
633;12.01794;76.37959
634;12.0944;76.40103
635;12.18936;76.39216
636;12.20873;76.42056
637;12.15336;76.42082
638;12.29556;76.42347
639;12.35003;76.45342
640;12.39882;76.46616
641;12.32064;76.46477
642;12.47469;76.48592
643;12.43968;76.49162
644;12.48755;76.50103
645;12.44328;76.51099
646;12.43986;76.52204
647;12.3882;76.51849
648;12.36671;76.54415
649;12.39386;76.53088
650;12.37958;76.54305
651;12.34529;76.55014
652;12.3385;76.56859
653;12.31115;76.55971
654;12.24409;76.5642
655;12.32707;76.58407
656;12.17632;76.58464
657;12.17154;76.57696
658;12.12828;76.58826
659;12.01813;76.59366
660;12.02722;76.58101
661;12.01518;76.58822
662;11.99642;76.59711
663;11.90582;76.58561
664;11.97779;76.59626
665;11.82753;76.60155
666;11.81212;76.59331
667;11.92965;76.58243
668;11.93299;76.59303
669;11.95345;76.58177
670;11.90452;76.59171
671;12.02322;76.5863
672;11.94528;76.5873
673;11.99541;76.57935
674;12.10596;76.59791
675;12.12711;76.57946
676;12.11878;76.58753
677;12.20627;76.56432
678;12.23868;76.56063
679;12.34609;76.56812
680;12.33591;76.56298
681;12.33716;76.5499
682;12.39674;76.54165
683;12.47532;76.543
684;12.4018;76.53773
685;12.4272;76.53492
686;12.46716;76.50519
687;12.53582;76.51307
688;12.47659;76.51949
689;12.51706;76.49438
690;12.59549;76.48935
691;12.46752;76.47764
692;12.58468;76.46642
693;12.44374;76.46252
694;12.5097;76.46209
695;12.433;76.44631
696;12.4281;76.41109
697;12.36932;76.42142
698;12.37114;76.38622
699;12.37393;76.39028
700;12.37103;76.36568
701;12.2785;76.36815
702;12.19416;76.3475
703;12.19468;76.32397
704;12.20534;76.31971
705;12.11306;76.30688
706;12.08419;76.29805
707;12.13704;76.26482
708;11.96897;76.24561
709;12.04953;76.2469
710;11.92171;76.21049
711;11.95958;76.21209
712;12.01117;76.16378
713;11.88828;76.1638
714;11.96355;76.15083
715;11.92526;76.14068
716;12.00057;76.09914
717;12.0187;76.08843
718;11.97597;76.05972
719;11.93072;76.04922
720;11.98974;76.01969
721;12.00874;76.04583
722;12.07386;75.94598
723;12.07711;75.94941
724;12.12164;75.88663
725;12.17591;75.86185
726;12.18162;75.88347
727;12.23907;75.8727
728;12.29492;75.90294
729;12.2834;75.84793
730;12.31926;75.77917
731;12.34075;75.73636
732;12.39154;75.74728
733;12.41;75.72998
734;12.45572;75.73949
735;12.48029;75.67104
736;12.47668;75.68546
737;12.49755;75.65167
738;12.50038;75.54066
739;12.50742;75.56573
740;12.51282;75.42041
741;12.50152;75.44144
742;12.49073;75.44753
743;12.48772;75.41277
744;12.47328;75.3529
745;12.46226;75.29827
746;12.45336;75.30807
747;12.4231;75.22991
748;12.40517;75.15958
749;12.36695;75.09707
750;12.33729;75.13384
751;12.28247;75.09032
752;12.26563;75.03889
753;12.22824;74.99094
754;12.19459;74.90627
755;12.15294;74.88176
756;12.11335;74.8583
757;12.07591;74.81348
758;12.0462;74.82391
759;12.01709;74.72003
760;11.97726;74.65997
761;11.94622;74.6969
762;11.93726;74.65451
763;11.89762;74.52481
764;11.89047;74.50601
765;11.86147;74.38992
766;11.86647;74.38274
767;11.84438;74.36073
768;11.82574;74.28818
769;11.82529;74.25201
770;11.83935;74.15816
771;11.8352;74.00697
772;11.8419;74.02859
773;11.8424;73.96476
774;11.85689;73.95728
775;11.85646;73.89674
776;11.87883;73.79566
777;11.88716;73.7193
778;11.92858;73.66785
779;11.936;73.66225
780;11.95371;73.54546
781;11.9914;73.53765
782;12.02142;73.49677
783;12.06184;73.37476
784;12.07115;73.32893
785;12.10877;73.31759
786;12.13969;73.2576
787;12.16678;73.1813
788;12.16234;73.12883
789;12.20383;73.04609
790;12.24729;72.99071
791;12.25466;72.88126
792;12.28736;72.91662
793;12.3015;72.8159
794;12.33563;72.77669
795;12.30528;72.67224
796;12.31517;72.5988
797;12.33829;72.5437
798;12.32885;72.49752
799;12.3348;72.40398
800;12.33977;72.38772
801;12.3236;72.30842
802;12.31319;72.19258
803;12.30371;72.16587
804;12.29505;72.09641
805;12.26086;72.08105
806;12.27572;71.97314
807;12.22973;71.94337
808;12.20972;71.95696
809;12.18798;71.89752
810;12.16406;71.86619
811;12.13971;71.83212
812;12.10963;71.73215
813;12.07834;71.70275
814;12.02738;71.69538
815;12.02318;71.68008
816;11.98125;71.58078
817;11.9456;71.52232
818;11.91051;71.46537
819;11.9011;71.51131
820;11.87312;71.47174
821;11.82894;71.4296
822;11.80244;71.41669
823;11.79658;71.35123
824;11.76746;71.36282
825;11.75102;71.25599
826;11.72892;71.29572
827;11.71071;71.26958
828;11.70683;71.28674
829;11.6809;71.34286
830;11.682;71.28793
831;11.65702;71.25598
832;11.66498;71.27037
833;11.67782;71.28954
834;11.67171;71.30595
835;11.67962;71.30668
836;11.68318;71.32065
837;11.6966;71.31341
838;11.69851;71.36578
839;11.71269;71.36884
840;11.74025;71.40903
841;11.75617;71.47236
842;11.76902;71.50758
843;11.79856;71.534
844;11.8269;71.57998
845;11.84323;71.59578
846;11.87224;71.69838
847;11.89852;71.71494
848;11.92435;71.78494
849;11.94961;71.83511
850;11.98525;71.85469
851;12.01066;71.9411
852;12.05166;72.02934
853;12.0766;72.0661
854;12.10696;72.14671
855;12.12143;72.25291
856;12.16278;72.33255
857;12.1849;72.3866
858;12.22189;72.48038
859;12.23683;72.58855
860;12.24808;72.65955
861;12.27308;72.74657
862;12.2906;72.84365
863;12.29944;72.94607
864;12.32006;73.03626
865;12.32823;73.13839
866;12.3425;73.23382
867;12.34342;73.34088
868;12.35147;73.45351
869;12.36504;73.5566
870;12.34891;73.67386
871;12.35177;73.77179
872;12.3492;73.8751
873;12.35343;73.99656
874;12.34041;74.13542
875;12.33869;74.26845
876;12.32678;74.35439
877;12.31415;74.49805
878;12.29476;74.60107
879;12.2818;74.73167
880;12.26348;74.8353
881;12.24718;74.97894
882;12.22207;75.08713
883;12.2013;75.23304
884;12.18546;75.33909
885;12.15684;75.48058
886;12.13376;75.59511
887;12.11457;75.7052
888;12.08994;75.84872
889;12.06766;75.97505
890;12.04242;76.10847
891;12.02143;76.22672
892;12.00584;76.3629
893;11.98346;76.49981
894;11.95637;76.6182
895;11.94313;76.7429
896;11.92623;76.85584
897;11.90745;77.00008
898;11.89016;77.11187
899;11.88051;77.26499
900;11.86885;77.37656
901;11.85771;77.48426
902;11.85249;77.62079
903;11.84582;77.73483
904;11.84619;77.85849
905;11.84021;77.9744
906;11.83846;78.11307
907;11.84108;78.245
908;11.84407;78.35672
909;11.8482;78.48987
910;11.85447;78.59724
911;11.86355;78.71624
912;11.87415;78.83833
913;11.88575;78.94118
914;11.89873;79.05515
915;11.91458;79.19972
916;11.93214;79.30504
917;11.94746;79.41975
918;11.96653;79.5376
919;11.98921;79.64916
920;12.01092;79.75632
921;12.03399;79.88461
922;12.05784;79.99885
923;12.08168;80.09141
924;12.10914;80.20168
925;12.13349;80.30699
926;12.15697;80.42547
927;12.18678;80.52514
928;12.2121;80.63062
929;12.2389;80.7395
930;12.2655;80.84357
931;12.29371;80.94221
932;12.31828;81.0456
933;12.34295;81.14131
934;12.36811;81.25388
935;12.39328;81.33493
936;12.41387;81.44903
937;12.43695;81.54525
938;12.45783;81.64143
939;12.47617;81.73384
940;12.49526;81.84157
941;12.51043;81.93266
942;12.52658;82.02578
943;12.54171;82.11906
944;12.55633;82.22253
945;12.56653;82.30232
946;12.57291;82.39655
947;12.58245;82.48932
948;12.58968;82.57553
949;12.59393;82.66241
950;12.59518;82.74883
951;12.59501;82.8457
952;12.59908;82.9315
953;12.59946;83.0321
954;12.5944;83.11364
955;12.58804;83.19048
956;12.58431;83.27407
957;12.57887;83.35201
958;12.56959;83.43827
959;12.55618;83.51074
960;12.54345;83.58885
961;12.53226;83.67561
962;12.52069;83.75474
963;12.50279;83.814
964;12.48403;83.89314
965;12.46775;83.97017
966;12.45341;84.0444
967;12.43466;84.12305
968;12.41194;84.18458
969;12.39053;84.2609
970;12.37301;84.33573
971;12.35645;84.40807
972;12.33321;84.47707
973;12.30928;84.55027
974;12.28798;84.6093
975;12.27058;84.68401
976;12.25143;84.75899
977;12.22913;84.82078
978;12.20483;84.88475
979;12.18575;84.94948
980;12.17324;85.01952
981;12.15475;85.0908
982;12.13262;85.15269
983;12.1138;85.2048
984;12.10049;85.27591
985;12.09124;85.33817
986;12.07571;85.40686
987;12.05928;85.46351
988;12.04546;85.5285
989;12.04036;85.58741
990;12.03417;85.65106
991;12.02544;85.70904
992;12.01281;85.76934
993;12.00694;85.81713
994;12.00868;85.88026
995;12.00949;85.93906
996;12.00528;85.99046
997;12.0001;86.04167
998;12.00164;86.09993
999;12.00932;86.14931
1000;12.01629;86.22117
1001;12.01663;86.27563
1002;12.01905;86.31405
1003;12.02732;86.36732
1004;12.04285;86.42651
1005;12.05428;86.4806
1006;12.06026;86.52613
1007;12.06593;86.56948
1008;12.08021;86.61287
1009;12.10224;86.67043
1010;12.12029;86.72691
1011;12.13128;86.77345
1012;12.1395;86.82588
1013;12.15771;86.85613
1014;12.18324;86.91325
1015;12.20602;86.9722
1016;12.22171;87.01277
1017;12.23368;87.05478
1018;12.25354;87.09459
1019;12.28151;87.14468
1020;12.30861;87.19362
1021;12.32636;87.2364
1022;12.3396;87.29446
1023;12.35914;87.31367
1024;12.38451;87.36914
1025;12.4154;87.41176
1026;12.4355;87.46343
1027;12.4462;87.50045
1028;12.46277;87.53104
1029;12.48798;87.57716
1030;12.51599;87.62862
1031;12.53551;87.66984
1032;12.54691;87.70719
1033;12.55674;87.73473
1034;12.57518;87.7775
1035;12.60113;87.81609
1036;12.6237;87.85812
1037;12.63159;87.90434
1038;12.63515;87.9357
1039;12.64541;87.96814
1040;12.66466;87.99976
1041;12.68481;88.04863
1042;12.69257;88.09085
1043;12.69041;88.12327
1044;12.69236;88.1593
1045;12.70244;88.19355
1046;12.71891;88.22304
1047;12.72623;88.27979
1048;12.72229;88.31214
1049;12.71409;88.33122
1050;12.64974;88.564
1051;12.65254;88.59441
1052;12.64256;88.61304
1053;12.6472;88.6608
1054;12.64306;88.68068
1055;12.63757;88.7169
1056;12.6319;88.75387
1057;12.63638;88.79701
1058;12.62231;88.80105
1059;12.61712;88.856
1060;12.60912;88.87424
1061;12.59958;88.8901
1062;12.58748;88.94535
1063;12.57428;88.96918
1064;12.56465;89.00224
1065;12.55492;89.0232
1066;12.54734;89.06361
1067;12.52734;89.08892
1068;12.50748;89.13367
1069;12.49478;89.13253
1070;12.47594;89.17189
1071;12.46495;89.19484
1072;12.44789;89.234
1073;12.4272;89.25244
1074;12.41211;89.27724
1075;12.38725;89.30086
1076;12.3735;89.33907
1077;12.35895;89.36362
1078;12.34589;89.38774
1079;12.33043;89.40729
1080;12.30576;89.43774
1081;12.28584;89.45803
1082;12.27254;89.49055
1083;12.26806;89.51033
1084;12.23753;89.56007
1085;12.22788;89.56463
1086;12.20846;89.60363
1087;12.19413;89.61494
1088;12.18793;89.66739
1089;12.16916;89.66035
1090;12.16169;89.72641
1091;12.13508;89.71004
1092;12.12795;89.76802
1093;12.10461;89.74612
1094;12.11609;89.83366
1095;12.0948;89.79591
1096;12.08768;89.86487
1097;12.07703;89.85472
1098;12.06429;89.90829
1099;12.05565;89.88953
1100;12.05712;89.94561
1101;12.04327;89.96146
1102;12.05287;89.95398
1103;12.03218;90.01961
1104;12.03375;90.00128
1105;12.02961;90.00147
1106;12.02477;90.08253
1107;12.03842;90.09161
1108;12.03496;90.12337
1109;12.0313;90.12325
1110;12.02246;90.15406
1111;12.02913;90.18029
1112;12.03916;90.21032
1113;12.0434;90.19804
1114;12.05254;90.23224
1115;12.04928;90.2667
1116;12.05458;90.27049
1117;12.06039;90.28493
1118;12.06452;90.31881
1119;12.07777;90.34744
1120;12.10052;90.35552
1121;12.09826;90.37204
1122;12.09922;90.4192
1123;12.12626;90.3981
1124;12.12033;90.42839
1125;12.1465;90.47083
1126;12.16332;90.45509
1127;12.16947;90.48498
1128;12.1923;90.51703
1129;12.18375;90.51888
1130;12.20629;90.54206
1131;12.22377;90.58597
1132;12.24701;90.57389
1133;12.26664;90.59992
1134;12.28105;90.6178
1135;12.28648;90.63589
1136;12.30275;90.64926
1137;12.32413;90.67388
1138;12.34257;90.67561
1139;12.36028;90.7226
1140;12.38652;90.7057
1141;12.38698;90.73575
1142;12.40367;90.77503
1143;12.4232;90.78374
1144;12.4404;90.72087
1145;12.4552;90.83991
1146;12.47067;90.83025
1147;12.49632;90.86856
1148;12.49213;90.83665
1149;12.50761;90.85741
1150;12.52418;90.88184
1151;12.54743;90.89038
1152;12.55876;90.90987
1153;12.57087;90.93744
1154;12.58494;90.93198
1155;12.58555;90.93536
1156;12.59998;90.99695
1157;12.60981;90.98772
1158;12.62849;90.94904
1159;12.63478;91.05725
1160;12.64616;91.03711
1161;12.65712;91.0574
1162;12.64162;91.06342
1163;12.65091;91.08006
1164;12.67533;91.10053
1165;12.68098;91.10764
1166;12.69138;91.11951
1167;12.68719;91.14879
1168;12.68085;91.13435
1169;12.68799;91.16631
1170;12.68831;91.18606
1171;12.69687;91.25878
1172;12.69738;91.23537
1173;12.69307;91.14455
1174;12.69372;91.22092
1175;12.68938;91.24512
1176;12.68091;91.25275
1177;12.68147;91.33546
1178;12.69425;91.3047
1179;12.68195;91.29119
1180;12.67893;91.28638
1181;12.67143;91.32882
1182;12.66338;91.40221
1183;12.65763;91.3597
1184;12.64311;91.34592
1185;12.63763;91.3762
1186;12.63967;91.41226
1187;12.62171;91.44038
1188;12.61981;91.41184
1189;12.61197;91.42876
1190;12.58648;91.44303
1191;12.57931;91.46375
1192;12.5707;91.46907
1193;12.55684;91.47388
1194;12.54628;91.49073
1195;12.5248;91.51989
1196;12.52276;91.51336
1197;12.50418;91.52531
1198;12.48653;91.53292
1199;12.48183;91.53259
1200;12.47108;91.43578
1201;12.44736;91.42455
1202;12.44048;91.50885
1203;12.43074;91.47408
1204;12.4187;91.49881
1205;12.38593;91.48478
1206;12.38095;91.53326
1207;12.36168;91.517
1208;12.35092;91.52377
1209;12.33478;91.55403
1210;12.31329;91.55213
1211;12.30584;91.48055
1212;12.29742;91.59024
1213;12.27343;91.71313
1214;12.2543;91.59599
1215;12.24329;91.60155
1216;12.21927;91.59811
1217;12.21652;91.63324
1218;12.20298;91.64117
1219;12.20656;91.728
1220;12.17208;91.68291
1221;12.16282;91.51454
1222;12.13651;91.68546
1223;12.13566;91.68828
1224;12.1277;91.70858
1225;12.11719;91.72545
1226;12.11685;91.72163
1227;12.10307;91.76914
1228;12.08473;91.75118
1229;12.06654;91.75918
1230;12.05578;91.76208
1231;12.05621;91.77208
1232;12.0566;91.77988
1233;12.04697;91.81187
1234;12.04413;91.80515
1235;12.02606;91.81477
1236;12.02111;91.82565
1237;12.01402;91.82895
1238;12.01197;91.81689
1239;12.01399;91.87076
1240;12.01184;91.88244
1241;12.00295;91.8743
1242;12.00207;91.88846
1243;11.99205;91.8887
1244;11.99125;91.89542
1245;11.99317;91.91376
1246;11.98947;91.91992
1247;11.99522;91.91864
1248;11.9941;91.9377
1249;12.00675;91.95007
1250;12.00343;91.94147
1251;12.01493;91.98817
1252;12.00315;91.98373
1253;11.99713;91.97004
1254;12.00541;91.97604
1255;12.02033;91.99194
1256;12.03417;92.00585
1257;12.0351;92.02647
1258;12.0447;91.90228
1259;12.03452;92.00639
1260;12.0427;92.03255
1261;12.03464;92.02639
1262;12.0575;92.16741
1263;12.07076;92.03506
1264;12.09028;92.0703
1265;12.10624;92.07515
1266;12.14216;92.07586
1267;12.10794;92.09045
1268;12.10908;92.09489
1269;12.11573;92.10007
1270;12.13015;92.11203
1271;12.15273;92.1087
1272;12.17299;92.12315
1273;12.18665;92.12894
1274;12.19965;92.16515
1275;12.20318;92.17528
1276;12.20543;92.24942
1277;12.19893;91.93615
1278;12.22468;92.17501
1279;12.24638;92.19953
1280;12.27465;92.20007
1281;12.29807;92.2141
1282;12.3071;92.22678
1283;12.31033;92.23135
1284;12.30877;92.22916
1285;12.32016;92.23933
1286;12.33487;92.23817
1287;12.35747;92.25367
1288;12.3825;92.25483
1289;12.4045;92.27988
1290;12.40879;92.29553
1291;12.41823;92.30073
1292;12.4188;92.30454
1293;12.41453;92.29449
1294;12.42379;92.30878
1295;12.45092;92.31411
1296;12.47743;92.32237
1297;12.49542;92.32662
1298;12.51602;92.34928
1299;12.51226;92.37157
1300;12.51315;92.35107
1301;12.50972;92.36778
1302;12.51171;92.34721
1303;12.52817;92.36402
1304;12.55064;92.36697
1305;12.57348;92.38414
1306;12.59561;92.4066
1307;12.60612;92.40977
1308;12.59403;92.41558
1309;12.59008;92.40422
1310;12.58034;92.41817
1311;12.59093;92.41684
1312;12.60694;92.42868
1313;12.63015;92.43582
1314;12.66257;92.37449
1315;12.65964;92.46722
1316;12.65907;92.4798
1317;12.64723;92.4655
1318;12.63168;92.46189
1319;12.62439;92.46866
1320;12.63386;92.46447
1321;12.65461;92.49255
1322;12.66834;92.48639
1323;12.68429;92.51397
1324;12.68299;92.51884
1325;12.67869;92.52134
1326;12.65561;92.53351
1327;12.64225;92.52707
1328;12.63785;92.53062
1329;12.64109;92.52557
1330;12.65487;92.5531
1331;12.68187;92.55451
1332;12.68891;92.57034
1333;12.68462;92.58983
1334;12.66339;92.59296
1335;12.63039;92.59174
1336;12.62417;92.57509
1337;12.60901;92.58203
1338;12.61665;92.59811
1339;12.63792;92.58974
1340;12.64722;92.60942
1341;12.65572;92.63164
1342;12.64066;92.63955
1343;12.61067;92.62523
1344;12.59287;92.64857
1345;12.5685;92.6384
1346;12.54929;92.63486
1347;12.55844;92.64008
1348;12.56016;92.66878
1349;12.57378;92.67499
1350;12.57797;92.6818
1351;12.55995;92.70266
1352;12.53558;92.6718
1353;12.51179;92.69017
1354;12.4918;92.68672
1355;12.47546;92.69913
1356;12.47626;92.67195
1357;12.47186;92.70974
1358;12.48135;92.71258
1359;12.47637;92.7182
1360;12.46432;92.73015
1361;12.44484;92.7507
1362;12.42283;92.7416
1363;12.40088;92.73468
1364;12.38237;92.74623
1365;12.37076;92.73033
1366;12.37178;92.75751
1367;12.37389;92.76833
1368;12.36698;92.76785
1369;12.3496;92.78001
1370;12.32579;92.76839
1371;12.2991;92.7681
1372;12.27314;92.74743
1373;12.24494;92.73612
1374;12.24023;92.75001
1375;12.24853;92.73895
1376;12.25266;92.76296
1377;12.24341;92.76656
1378;12.24177;92.76593
1379;12.22081;92.76041
1380;12.20064;92.76112
1381;12.16782;92.7413
1382;12.14497;92.72847
1383;12.1192;92.73207
1384;12.11934;92.7292
1385;12.11925;92.72911
1386;12.12799;92.77002
1387;12.13536;92.75549
1388;12.12992;92.79367
1389;12.11321;92.80234
1390;12.08499;92.79359
1391;12.06172;92.81073
1392;12.04811;92.81128
1393;12.03643;92.81176
1394;12.03401;92.82993
1395;12.03917;92.82863
1396;12.05381;92.88448
1397;12.04483;92.88006
1398;12.03765;92.87986
1399;12.03251;92.88777
1400;12.00408;92.89932
1401;11.97193;92.86164
1402;11.96713;92.8749
1403;11.95924;92.90491
1404;11.9722;92.91859
1405;11.99066;92.93992
1406;12.00088;92.95715
1407;12.00149;92.96544
1408;11.9942;92.98112
1409;11.97105;92.95824
1410;11.94261;92.97768
1411;11.92942;92.9947
1412;11.91759;92.9756
1413;11.92479;92.96244
1414;11.94287;92.90348
1415;11.94504;93.02283
1416;11.97355;93.02678
1417;11.98091;92.9922
1418;11.96568;93.03539
1419;11.95695;93.0224
1420;11.90643;93.03525
1421;11.90601;92.95187
1422;11.89777;93.09073
1423;11.90066;93.02934
1424;11.92326;93.03244
1425;11.94998;93.04173
1426;11.96859;93.07794
1427;11.97404;93.09458
1428;11.97531;93.09525
1429;11.96077;93.10188
1430;11.94724;93.09409
1431;11.92893;93.09217
1432;11.92269;93.08813
1433;11.92717;93.08238
1434;11.94479;93.09731
1435;11.97148;93.11034
1436;11.98711;93.11974
1437;12.00068;93.14069
1438;12.01448;93.14322
1439;12.01108;93.14426
1440;11.9893;93.14954
1441;11.96989;93.14374
1442;11.97191;93.12886
1443;11.97027;93.1358
1444;11.99197;93.15861
1445;12.01696;93.15471
1446;12.0413;93.17282
1447;12.06019;93.19112
1448;12.07319;93.19109
1449;12.07552;93.20201
1450;12.07477;93.20403
1451;12.04865;93.19312
1452;12.03997;93.19308
1453;12.04535;93.17719
1454;12.06452;93.19284
1455;12.08466;93.19245
1456;12.11976;93.21034
1457;12.13909;93.22021
1458;12.16644;93.20119
1459;12.17232;93.23429
1460;12.17867;93.24915
1461;12.14962;93.31023
1462;12.14199;93.23083
1463;12.13426;93.16434
1464;12.1528;93.23623
1465;12.16856;93.23861
1466;12.18517;93.23943
1467;12.21589;93.26924
1468;12.25316;93.38838
1469;12.27073;93.29439
1470;12.27222;93.29934
1471;12.25775;93.30487
1472;12.24789;93.28281
1473;12.2323;93.2104
1474;12.24365;93.2604
1475;12.25104;93.26718
1476;12.2748;93.2872
1477;12.3088;93.30962
1478;12.34563;93.32601
1479;12.35107;93.32863
1480;12.36988;93.34686
1481;12.37852;93.34803
1482;12.37018;93.31723
1483;12.34998;93.31638
1484;12.34958;93.34503
1485;12.34142;93.33849
1486;12.35482;93.34268
1487;12.38107;93.3378
1488;12.40277;93.35718
1489;12.42492;93.36719
1490;12.44932;93.39397
1491;12.46664;93.37589
1492;12.46601;93.39938
1493;12.46598;93.39543
1494;12.44577;93.3919
1495;12.44087;93.40823
1496;12.42341;93.36739
1497;12.44426;93.39151
1498;12.45899;93.38381
1499;12.48554;93.39863
1500;12.49408;93.40912
1501;12.51647;93.43124
1502;12.53812;93.44824
1503;12.54281;93.43732
1504;12.54403;93.44526
1505;12.51847;93.43615
1506;12.49945;93.45072
1507;12.49062;93.4388
1508;12.50359;93.43359
1509;12.51644;93.44217
1510;12.53435;93.41415
1511;12.54767;93.46367
1512;12.55311;93.48711
1513;12.57419;93.481
1514;12.59183;93.49944
1515;12.58589;93.45557
1516;12.57178;93.53097
1517;12.54479;93.48579
1518;12.54429;93.48203
1519;12.53193;93.47881
1520;12.55627;93.4663
1521;12.55171;93.46996
1522;12.55654;93.49178
1523;12.58297;93.51086
1524;12.60497;93.53692
1525;12.58783;93.48757
1526;12.59782;93.5303
1527;12.59508;93.53318
1528;12.57501;93.53151
1529;12.5676;93.52179
1530;12.54901;93.53291
1531;12.54608;93.51862
1532;12.54498;93.53445
1533;12.55449;93.52261
1534;12.55627;93.54292
1535;12.57325;93.55222
1536;12.58486;93.56653
1537;12.58877;93.56318
1538;12.57425;93.57475
1539;12.5717;93.5695
1540;12.55185;93.56096
1541;12.53033;93.5574
1542;12.53045;93.56818
1543;12.52668;93.57994
1544;12.50414;93.62773
1545;12.5112;93.51871
1546;12.51221;93.59044
1547;12.52985;93.60475
1548;12.55275;93.63151
1549;12.53331;93.61028
1550;12.5096;93.58784
1551;12.52098;93.61848
1552;12.52028;93.66528
1553;12.48219;93.63129
1554;12.47305;93.53769
1555;12.45809;93.61633
1556;12.46442;93.68764
1557;12.45144;93.59566
1558;12.44257;93.60619
1559;12.4564;93.63786
1560;12.4554;93.65267
1561;12.45847;93.68301
1562;12.45089;93.65216
1563;12.44452;93.65417
1564;12.43179;93.673
1565;12.41974;93.6345
1566;12.39536;93.65141
1567;12.3797;93.65077
1568;12.3594;93.64349
1569;12.36032;93.66257
1570;12.35264;93.70404
1571;12.34802;93.65995
1572;12.34678;93.68023
1573;12.35769;93.71694
1574;12.35544;93.6587
1575;12.34385;93.69414
1576;12.34091;93.71976
1577;12.33416;93.69508
1578;12.29845;93.66631
1579;12.27786;93.70027
1580;12.2675;93.71447
1581;12.26128;93.67514
1582;12.23992;93.71423
1583;12.23787;93.74609
1584;12.23289;93.71928
1585;12.23927;93.70836
1586;12.24488;93.74356
1587;12.23073;93.7208
1588;12.22974;93.74464
1589;12.21231;93.76186
1590;12.20037;93.71529
1591;12.1927;93.73961
1592;12.17172;93.75437
1593;12.14535;93.72588
1594;12.14369;93.76224
1595;12.12035;93.77467
1596;12.12053;93.72463
1597;12.12711;93.7701
1598;12.12696;93.79842
1599;12.12053;93.74024
1600;12.12486;93.77197
1601;12.11969;93.79829
1602;12.1086;93.75609
1603;12.09448;93.77062
1604;12.08724;93.77794
1605;12.06391;93.77884
1606;12.0391;93.75974
1607;12.03749;93.79105
1608;12.02376;93.81029
1609;12.02081;93.85862
1610;12.00029;93.72871
1611;12.02313;93.80953
1612;12.02958;93.88255
1613;12.02122;93.76904
1614;12.02554;93.82644
1615;12.02024;93.81457
1616;12.00014;93.81696
1617;11.989;93.83057
1618;11.97425;93.82687
1619;11.95701;93.80954
1620;11.94401;93.83473
1621;11.92296;93.84502
1622;11.92677;93.80873
1623;11.92534;93.84171
1624;11.92549;93.8761
1625;11.94352;93.84373
1626;11.9351;93.81179
1627;11.95424;93.90728
1628;11.9514;93.85919
1629;11.94122;93.8066
1630;11.92762;93.87011
1631;11.90501;93.91592
1632;11.88499;93.83191
1633;11.86848;93.85297
1634;11.85618;93.9094
1635;11.84632;93.83469
1636;11.85567;93.87432
1637;11.86511;93.91247
1638;11.86739;93.84879
1639;11.88512;93.86911
1640;11.88943;93.89199
1641;11.90063;93.89732
1642;11.90152;93.91054
1643;11.88282;93.86177
1644;11.87526;93.89083
1645;11.84227;93.90601
1646;11.83157;93.88958
1647;11.81626;93.89713
1648;11.8065;93.89817
1649;11.80241;93.91342
1650;11.80844;93.8964
1651;11.82169;93.87305
1652;11.85004;93.93746
1653;11.86623;93.94787
1654;11.86458;93.88636
1655;11.87789;93.9085
1656;11.88617;93.99048
1657;11.85384;93.91534
1658;11.84417;93.88949
1659;11.82888;93.93838
1660;11.81995;93.98612
1661;11.78499;93.86546
1662;11.79473;93.92838
1663;11.80169;93.99644
1664;11.8017;93.89639
1665;11.83023;93.94013
1666;11.85296;93.95124
1667;11.87682;93.97623
1668;11.88738;93.96429
1669;11.89631;93.95449
1670;11.89168;94.00274
1671;11.88078;93.9638
1672;11.86185;93.97365
1673;11.83939;93.98751
1674;11.8103;93.97903
1675;11.79665;93.94917
1676;11.81344;93.97127
1677;11.81472;94.00236
1678;11.83335;93.9485
1679;11.86349;93.98746
1680;11.89343;94.02263
1681;11.91483;93.95624
1682;11.91711;94.00865
1683;11.94025;94.02799
1684;11.94708;94.055
1685;11.92449;93.95423
1686;11.91056;94.01779
1687;11.89771;94.06119
1688;11.85956;93.95435
1689;11.84374;93.99396
1690;11.84763;93.99622
1691;11.85196;93.99062
1692;11.88177;93.9952
1693;11.91084;94.00642
1694;11.9502;94.01134
1695;11.97627;94.02724
1696;11.99821;94.00638
1697;12.01524;94.05221
1698;12.01912;94.04088
1699;12.00712;93.99612
1700;11.98851;94.07175
1701;11.95499;94.0329
1702;11.94487;93.9838
1703;11.91794;94.05693
1704;11.90976;94.05104
1705;11.91815;93.98668
1706;11.94252;93.99048
1707;11.97173;94.0918
1708;12.01449;94.02252
1709;12.05417;94.01552
1710;12.08739;94.06108
1711;12.12129;94.11349
1712;12.11259;94.00786
1713;12.122;94.08331
1714;12.10994;94.13482
1715;12.06257;94.0342
1716;12.04029;94.06884
1717;12.01196;94.06669
1718;11.99437;94.06549
1719;11.98839;94.04077
1720;12.00471;94.05451
1721;12.03239;94.08126
1722;12.07672;94.03661
1723;12.12173;94.06892
1724;12.17011;94.09371
1725;12.19854;94.06689
1726;12.21766;94.11771
1727;12.23398;94.1255
1728;12.22116;94.10642
1729;12.19824;94.13053
1730;12.164;94.10525
1731;12.12129;94.0955
1732;12.09363;94.10351
1733;12.07673;94.08369
1734;12.07775;94.06168
1735;12.10211;94.11588
1736;12.127;94.09109
1737;12.15846;94.06094
1738;12.2283;94.14359
1739;12.27637;94.11255
1740;12.30111;94.0978
1741;12.32767;94.11996
1742;12.33211;94.15867
1743;12.32454;94.1366
1744;12.29646;94.13171
1745;12.25574;94.14231
1746;12.21851;94.14846
1747;12.17338;94.12268
1748;12.15341;94.09808
1749;12.14676;94.12399
1750;12.16226;94.13104
1751;12.18915;94.09194
1752;12.23752;94.12602
1753;12.29522;94.14498
1754;12.35856;94.16074
1755;12.3843;94.14936
1756;12.41818;94.17576
1757;12.43725;94.18832
1758;12.42257;94.17526
1759;12.37669;94.19197
1760;12.34834;94.18353
1761;12.30666;94.22775
1762;12.25609;94.09696
1763;12.2114;94.16991
1764;12.21666;94.1892
1765;12.21293;94.13879
1766;12.24509;94.12418
1767;12.2853;94.1423
1768;12.33784;94.15739
1769;12.40332;94.17242
1770;12.44883;94.17525
1771;12.48644;94.21789
1772;12.49771;94.21448
1773;12.50148;94.20177
1774;12.48978;94.23116
1775;12.44243;94.22421
1776;12.37693;94.19755
1777;12.34667;94.20285
1778;12.28173;94.19529
1779;12.249;94.14722
1780;12.23915;94.19339
1781;12.25942;94.16833
1782;12.28444;94.15372
1783;12.34525;94.18015
1784;12.40569;94.21399
1785;12.45509;94.16936
1786;12.51488;94.2134
1787;12.55491;94.27946
1788;12.55364;94.19753
1789;12.5508;94.24658
1790;12.51783;94.25208
1791;12.46654;94.2444
1792;12.41781;94.25655
1793;12.35078;94.21854
1794;12.29768;94.2341
1795;12.26377;94.16965
1796;12.26088;94.23688
1797;12.26129;94.17654
1798;12.31697;94.24602
1799;12.35206;94.16296
1800;12.42369;94.26768
1801;12.47399;94.20535
1802;12.5286;94.29064
1803;12.55596;94.28127
1804;12.57974;94.27914
1805;12.5702;94.30367
1806;12.53657;94.30914
1807;12.485;94.28134
1808;12.42506;94.27171
1809;12.36353;94.28116
1810;12.30442;94.25772
1811;12.2556;94.24232
1812;12.23993;94.24292
1813;12.24843;94.21713
1814;12.26863;94.22868
1815;12.32097;94.24559
1816;12.38409;94.23326
1817;12.44239;94.28716
1818;12.49637;94.25207
1819;12.53064;94.32813
1820;12.5556;94.28167
1821;12.56463;94.37621
1822;12.52555;94.30138
1823;12.49234;94.33144
1824;12.42186;94.33165
1825;12.3439;94.30003
1826;12.29617;94.29413
1827;12.22984;94.27692
1828;12.20418;94.24882
1829;12.20056;94.264
1830;12.21524;94.23772
1831;12.23973;94.25813
1832;12.28796;94.27622
1833;12.35059;94.28043
1834;12.41274;94.30398
1835;12.46126;94.30013
1836;12.48839;94.32872
1837;12.50817;94.35151
1838;12.49056;94.33431
1839;12.46026;94.36124
1840;12.40193;94.33759
1841;12.33986;94.32204
1842;12.26212;94.32794
1843;12.21096;94.31042
1844;12.15909;94.29301
1845;12.12702;94.30375
1846;12.1259;94.29188
1847;12.12902;94.27429
1848;12.1741;94.30276
1849;12.21593;94.29221
1850;12.28167;94.30941
1851;12.33549;94.3364
1852;12.38286;94.35064
1853;12.40967;94.36772
1854;12.41837;94.36497
1855;12.40205;94.392
1856;12.35877;94.38464
1857;12.30643;94.38071
1858;12.23691;94.4126
1859;12.17085;94.36596
1860;12.1093;94.35503
1861;12.06107;94.31655
1862;12.03236;94.31715
1863;12.02826;94.31272
1864;12.03742;94.31807
1865;12.07919;94.33379
1866;12.13605;94.31184
1867;12.17964;94.33977
1868;12.24028;94.35234
1869;12.29526;94.36793
1870;12.32747;94.3599
1871;12.34514;94.39244
1872;12.33858;94.3689
1873;12.29957;94.40629
1874;12.24653;94.38061
1875;12.17786;94.39091
1876;12.09329;94.38573
1877;12.01815;94.38154
1878;11.95841;94.36023
1879;11.92291;94.34511
1880;11.90424;94.33669
1881;11.90991;94.33361
1882;11.93383;94.31902
1883;11.98034;94.34092
1884;12.03834;94.35835
1885;12.1114;94.37537
1886;12.15866;94.34444
1887;12.20546;94.40475
1888;12.24414;94.41384
1889;12.24194;94.44298
1890;12.21805;94.43262
1891;12.16728;94.44296
1892;12.1107;94.45511
1893;12.04342;94.43801
1894;11.96852;94.40672
1895;11.90279;94.39311
1896;11.8505;94.38156
1897;11.81052;94.36443
1898;11.78707;94.37759
1899;11.81514;94.34535
1900;11.83294;94.37434
1901;11.89733;94.39014
1902;11.94441;94.40891
1903;12.02111;94.38168
1904;12.0926;94.4156
1905;12.11821;94.44598
1906;12.15364;94.4538
1907;12.15672;94.47194
1908;12.11832;94.46563
1909;12.07366;94.47364
1910;12.02329;94.46762
1911;11.95271;94.45128
1912;11.8772;94.43944
1913;11.79913;94.42834
1914;11.74713;94.40262
1915;11.70594;94.3701
1916;11.6777;94.38733
1917;11.69132;94.37323
1918;11.73006;94.38486
1919;11.78232;94.38923
1920;11.82994;94.36382
1921;11.89986;94.38933
1922;11.96782;94.42796
1923;12.02266;94.46222
1924;12.04745;94.46542
1925;12.06905;94.4897
1926;12.03933;94.50031
1927;12.00221;94.50985
1928;11.93944;94.49951
1929;11.85128;94.51414
1930;11.78962;94.46996
1931;11.70599;94.44894
1932;11.62509;94.43025
1933;11.59422;94.42189
1934;11.55493;94.39437
1935;11.5615;94.39176
1936;11.58543;94.38958
1937;11.63902;94.3975
1938;11.70644;94.41868
1939;11.78376;94.4208
1940;11.84657;94.43248
1941;11.91569;94.46782
1942;11.96526;94.50269
1943;11.99041;94.53088
1944;11.98343;94.51229
1945;11.95883;94.53949
1946;11.91984;94.53142
1947;11.8588;94.51857
1948;11.76516;94.52027
1949;11.68797;94.50646
1950;11.61738;94.51191
1951;11.53223;94.40041
1952;11.48177;94.42194
1953;11.47899;94.46238
1954;11.48976;94.4378
1955;11.51879;94.36312
1956;11.56905;94.41726
1957;11.64907;94.45779
1958;11.73273;94.47063
1959;11.80311;94.47633
1960;11.87438;94.51702
1961;11.91542;94.52707
1962;11.93556;94.52011
1963;11.93101;94.55811
1964;11.90958;94.57949
1965;11.86702;94.5322
1966;11.8011;94.54392
1967;11.71684;94.57434
1968;11.61861;94.49005
1969;11.54931;94.45899
1970;11.4778;94.49586
1971;11.43787;94.4838
1972;11.41726;94.39906
1973;11.41947;94.44727
1974;11.44801;94.49299
1975;11.51469;94.36083
1976;11.59024;94.46543
1977;11.67311;94.52582
1978;11.73542;94.44453
1979;11.80628;94.52933
1980;11.87814;94.55982
1981;11.90262;94.56603
1982;11.91843;94.5719
1983;11.90604;94.61508
1984;11.86296;94.5905
1985;11.81278;94.58884
1986;11.72281;94.57426
1987;11.6463;94.55705
1988;11.56936;94.56057
1989;11.47402;94.51745
1990;11.41782;94.4967
1991;11.39114;94.48317
1992;11.38095;94.46244
1993;11.41405;94.48295
1994;11.44571;94.47142
1995;11.51786;94.4761
1996;11.6023;94.49098
1997;11.6676;94.52303
1998;11.7586;94.52251
1999;11.83088;94.54732
2000;11.87327;94.54052
2001;11.90618;94.50189
2002;11.92441;94.61494
2003;11.91288;94.56645
2004;11.87759;94.50365
2005;11.80239;94.54503
2006;11.7253;94.63059
2007;11.64341;94.52659
2008;11.54065;94.43531
2009;11.47701;94.503
2010;11.43058;94.54263
2011;11.37089;94.40034
2012;11.35353;94.44037
2013;11.3976;94.50662
2014;11.41999;94.39039
2015;11.47592;94.438
2016;11.57059;94.46877
2017;11.66225;94.48518
2018;11.74127;94.49458
2019;11.83854;94.53706
2020;11.91664;94.53874
2021;11.93509;94.55634
2022;11.96062;94.5946
2023;11.94913;94.59863
2024;11.91879;94.58721
2025;11.85342;94.60233
2026;11.77597;94.58966
2027;11.68838;94.54771
2028;11.59767;94.54364
2029;11.53335;94.53763
2030;11.45955;94.45797
2031;11.41224;94.47548
2032;11.3922;94.47944
2033;11.39919;94.45207
2034;11.4483;94.44521
2035;11.49786;94.48385
2036;11.59641;94.45439
2037;11.66326;94.46487
2038;11.76167;94.51573
2039;11.85575;94.54239
2040;11.92707;94.54391
2041;11.98778;94.56557
2042;12.02826;94.6207
2043;12.03949;94.59388
2044;12.01804;94.59805
2045;11.96737;94.63103
2046;11.88423;94.61291
2047;11.82494;94.56638
2048;11.72459;94.55994
2049;11.64116;94.59029
2050;11.56222;94.4917
2051;11.49291;94.49545
2052;11.45373;94.54095
2053;11.43701;94.3992
2054;11.46526;94.45077
2055;11.51963;94.47601
2056;11.57278;94.52369
2057;11.66111;94.41544
2058;11.75583;94.50584
2059;11.85081;94.57772
2060;11.93399;94.48748
2061;12.02609;94.56795
2062;12.08281;94.5926
2063;12.1185;94.62995
2064;12.12399;94.61416
2065;12.10087;94.62691
2066;12.04778;94.60488
2067;11.99639;94.60964
2068;11.90866;94.61694
2069;11.809;94.56513
2070;11.72415;94.56219
2071;11.6408;94.55332
2072;11.56685;94.48781
2073;11.51715;94.49456
2074;11.50744;94.51096
2075;11.51437;94.43149
2076;11.54899;94.44233
2077;11.62405;94.48749
2078;11.71298;94.49068
2079;11.79676;94.4583
2080;11.89749;94.5309
2081;12.00063;94.54986
2082;12.08486;94.5248
2083;12.15892;94.5953
2084;12.20674;94.61968
2085;12.23337;94.6336
2086;12.20914;94.62875
2087;12.17137;94.66945
2088;12.11815;94.63418
2089;12.02685;94.60242
2090;11.94552;94.62756
2091;11.84342;94.5832
2092;11.767;94.53024
2093;11.68658;94.55453
2094;11.62081;94.54025
2095;11.59859;94.44611
2096;11.57332;94.50455
2097;11.59345;94.51649
2098;11.66632;94.42242
2099;11.71703;94.46711
2100;11.80823;94.4964
2101;11.90396;94.63436
2102;12.03085;94.45596
2103;12.12011;94.54856
2104;12.18683;94.60535
2105;12.26677;94.68792
2106;12.30694;94.57239
2107;12.30348;94.64703
2108;12.30578;94.6685
2109;12.25998;94.6645
2110;12.19875;94.66182
2111;12.11511;94.65511
2112;12.0127;94.61153
2113;11.92541;94.59495
2114;11.83016;94.56413
2115;11.7373;94.52764
2116;11.69572;94.51379
2117;11.6475;94.51411
2118;11.63975;94.4734
2119;11.65953;94.46694
2120;11.70268;94.48691
2121;11.77677;94.47707
2122;11.874;94.4795
2123;11.96454;94.52742
2124;12.07331;94.51922
2125;12.16532;94.55089
2126;12.26046;94.61215
2127;12.30979;94.56271
2128;12.37037;94.62502
2129;12.38657;94.6478
2130;12.39765;94.6648
2131;12.34947;94.6625
2132;12.27881;94.64184
2133;12.21155;94.64458
2134;12.11142;94.62492
2135;12.02967;94.58794
2136;11.91853;94.56288
2137;11.84015;94.56375
2138;11.76571;94.54878
2139;11.70148;94.47509
2140;11.69448;94.4836
2141;11.70066;94.53886
2142;11.7209;94.40385
2143;11.77254;94.47282
2144;11.87591;94.5082
2145;11.9397;94.51082
2146;12.04626;94.47373
2147;12.14359;94.54182
2148;12.27053;94.6238
2149;12.32359;94.52527
2150;12.38651;94.61284
2151;12.42456;94.61219
2152;12.44519;94.64915
2153;12.41952;94.64751
2154;12.37852;94.65357
2155;12.31575;94.59734
2156;12.23263;94.59841
2157;12.14602;94.58582
2158;12.05408;94.59443
2159;11.93938;94.55289
2160;11.86482;94.53515
2161;11.79494;94.50803
2162;11.74116;94.49715
2163;11.71085;94.46998
2164;11.71932;94.4622
2165;11.74407;94.4474
2166;11.79092;94.45609
2167;11.87016;94.47107
2168;11.96502;94.48818
2169;12.06891;94.4966
2170;12.16048;94.51456
2171;12.25897;94.54163
2172;12.35902;94.55379
2173;12.41787;94.57355
2174;12.45348;94.58953
2175;12.48054;94.60554
2176;12.46841;94.65039
2177;12.44566;94.59652
2178;12.37548;94.62605
2179;12.29673;94.59636
2180;12.18884;94.60709
2181;12.09644;94.55042
2182;11.98095;94.59533
2183;11.89774;94.50331
2184;11.78945;94.47025
2185;11.72639;94.45345
2186;11.6881;94.39793
2187;11.66653;94.38434
2188;11.67585;94.3662
2189;11.69917;94.34396
2190;11.79275;94.31673
2191;11.88768;94.32561
2192;11.98371;94.34157
2193;12.08537;94.34401
2194;12.21719;94.34616
2195;12.31927;94.3762
2196;12.41015;94.38744
2197;12.4811;94.3927
2198;12.50944;94.39543
2199;12.52992;94.40305
2200;12.49535;94.38235
2201;12.44453;94.37016
2202;12.37902;94.38054
2203;12.27908;94.31429
2204;12.16498;94.30102
2205;12.05047;94.25761
2206;11.94076;94.21357
2207;11.84089;94.17872
2208;11.72921;94.14179
2209;11.66938;94.10633
2210;11.62396;94.0751
2211;11.59853;94.03996
2212;11.62625;94.06405
2213;11.65386;94.05154
2214;11.74267;94.07314
2215;11.81686;94.0846
2216;11.91679;94.10072
2217;12.02478;94.12448
2218;12.11577;94.14827
2219;12.23636;94.18873
2220;12.31127;94.21354
2221;12.36955;94.25243
2222;12.3849;94.25937
2223;12.424;94.27012
2224;12.4054;94.26216
2225;12.37341;94.29314
2226;12.29704;94.30154
2227;12.22734;94.26195
2228;12.14198;94.27781
2229;12.04018;94.24102
2230;11.92972;94.25204
2231;11.83644;94.20039
2232;11.75113;94.17752
2233;11.67331;94.16525
2234;11.63482;94.15055
2235;11.59685;94.13065
2236;11.60795;94.11169
2237;11.61415;94.11391
2238;11.68088;94.10652
2239;11.7267;94.10789
2240;11.79224;94.14151
2241;11.88224;94.14364
2242;11.96669;94.16465
2243;12.05752;94.17814
2244;12.12708;94.19996
2245;12.19261;94.22517
2246;12.24165;94.24742
2247;12.25282;94.24886
2248;12.26949;94.2687
2249;12.24541;94.30081
2250;12.21491;94.28167
2251;12.16468;94.28017
2252;12.09746;94.28971
2253;12.02845;94.27069
2254;11.9385;94.26906
2255;11.86384;94.23774
2256;11.7794;94.23669
2257;11.69679;94.2229
2258;11.64294;94.20185
2259;11.59186;94.18739
2260;11.56723;94.18641
2261;11.55546;94.16492
2262;11.56258;94.16143
2263;11.59366;94.16201
2264;11.63213;94.20225
2265;11.70831;94.22028
2266;11.77635;94.26175
2267;11.85374;94.27519
2268;11.93801;94.31246
2269;12.01028;94.35538
2270;12.07869;94.39474
2271;12.11326;94.42236
2272;12.15856;94.45274
2273;12.1745;94.49057
2274;12.17175;94.49916
2275;12.14994;94.52019
2276;12.10526;94.52404
2277;12.03756;94.52467
2278;11.97789;94.51754
2279;11.86854;94.49703
2280;11.79037;94.50151
2281;11.68921;94.48028
2282;11.63746;94.46541
2283;11.5218;94.45035
2284;11.479;94.43835
2285;11.42064;94.42503
2286;11.4033;94.43413
2287;11.38345;94.42664
2288;11.40973;94.42367
2289;11.44066;94.42842
2290;11.52408;94.45614
2291;11.60475;94.49501
2292;11.68441;94.49565
2293;11.80919;94.53846
2294;11.91737;94.55396
2295;12.03824;94.57388
2296;12.12778;94.6386
2297;12.21295;94.64027
2298;12.276;94.67666
2299;12.29398;94.71821
2300;12.28717;94.70428
2301;12.27139;94.70176
2302;12.18784;94.70231
2303;12.10251;94.69601
2304;12.01187;94.66593
2305;11.87064;94.64892
2306;11.727;94.63707
2307;11.58446;94.59069
2308;11.46507;94.57261
2309;11.32125;94.52778
2310;11.22884;94.51054
2311;11.17808;94.50021
2312;11.12893;94.47552
2313;11.10724;94.46262
2314;11.15052;94.46436
2315;11.19411;94.48119
2316;11.30769;94.48829
2317;11.39949;94.50075
2318;11.58482;94.55397
2319;11.65553;94.54839
2320;11.81586;94.58121
2321;12.00549;94.6039
2322;12.11111;94.68066
2323;12.22614;94.72518
2324;12.31119;94.74167
2325;12.37121;94.72823
2326;12.36445;94.82952
2327;12.34246;94.77435
2328;12.28541;94.80287
2329;12.17103;94.74339
2330;12.06035;94.78343
2331;11.95162;94.70224
2332;11.77832;94.7714
2333;11.58678;94.69173
2334;11.42902;94.52586
2335;11.27638;94.67548
2336;11.10742;94.6468
2337;11.03357;94.55229
2338;10.94426;94.51886
2339;10.92516;94.47018
2340;10.94554;94.47648
2341;10.94535;94.46478
2342;11.0425;94.47394
2343;11.14553;94.47775
2344;11.28317;94.51099
2345;11.43183;94.53303
2346;11.59421;94.57425
2347;11.68075;94.61234
2348;11.90703;94.65314
2349;12.05597;94.68669
2350;12.15164;94.71883
2351;12.24389;94.76917
2352;12.2894;94.81837
2353;12.33505;94.86108
2354;12.28843;94.82561
2355;12.19978;94.8164
2356;12.11015;94.83636
2357;12.04778;94.85718
2358;11.85738;94.78883
2359;11.71976;94.73154
2360;11.55909;94.7324
2361;11.40287;94.73547
2362;11.22475;94.57201
2363;11.05153;94.5966
2364;10.98324;94.55148
2365;10.88677;94.52124
2366;10.81287;94.49544
2367;10.80089;94.46536
2368;10.80902;94.46194
2369;10.8612;94.46713
2370;10.93755;94.45431
2371;11.04119;94.49825
2372;11.1734;94.52603
2373;11.33918;94.54824
2374;11.49081;94.59472
2375;11.6765;94.64401
2376;11.82122;94.70032
2377;11.96723;94.69677
2378;12.06783;94.78524
2379;12.14293;94.79622
2380;12.16417;94.85497
2381;12.18039;94.83794
2382;12.14413;94.84917
2383;12.07135;94.87537
2384;12.00104;94.83184
2385;11.89226;94.82742
2386;11.73095;94.78044
2387;11.6002;94.74609
2388;11.40816;94.75025
2389;11.30058;94.64349
2390;11.08586;94.58805
2391;10.93661;94.58561
2392;10.85316;94.52846
2393;10.76754;94.49289
2394;10.72407;94.44784
2395;10.68912;94.45105
2396;10.69479;94.42046
2397;10.74552;94.44015
2398;10.81304;94.40797
2399;10.94234;94.48799
2400;11.07401;94.4836
2401;11.19857;94.53178
2402;11.35483;94.57527
2403;11.49249;94.60503
2404;11.59068;94.65407
2405;11.75267;94.70293
2406;11.89221;94.72838
2407;11.96324;94.8084
2408;12.01206;94.80138
2409;12.03773;94.85781
2410;12.01976;94.81639
2411;11.95591;94.82715
2412;11.91006;94.80789
2413;11.839;94.79642
2414;11.6698;94.75187
2415;11.55694;94.72932
2416;11.4175;94.66585
2417;11.28775;94.64435
2418;11.08064;94.60555
2419;10.95428;94.53979
2420;10.84781;94.48589
2421;10.7797;94.49302
2422;10.73538;94.43531
2423;10.70256;94.41502
2424;10.64775;94.36576
2425;10.6691;94.41805
2426;10.72348;94.38258
2427;10.80368;94.4396
2428;10.87083;94.39838
2429;11.00255;94.49857
2430;11.13527;94.49165
2431;11.24732;94.50843
2432;11.37013;94.57075
2433;11.49792;94.58324
2434;11.62436;94.62305
2435;11.7191;94.64365
2436;11.79968;94.69728
2437;11.84282;94.68991
2438;11.87232;94.72849
2439;11.8836;94.73572
2440;11.81689;94.67768
2441;11.7341;94.69707
2442;11.69106;94.66835
2443;11.56446;94.65639
2444;11.49497;94.62125
2445;11.36524;94.58004
2446;11.2518;94.59868
2447;11.10412;94.52415
2448;10.9959;94.47104
2449;10.89184;94.45496
2450;10.79311;94.40772
2451;10.74174;94.4106
2452;10.63985;94.38924
2453;10.64253;94.37934
2454;10.63724;94.35612
2455;10.66866;94.3626
2456;10.71977;94.37546
2457;10.77904;94.37952
2458;10.85689;94.43308
2459;11.0118;94.42893
2460;11.08481;94.42473
2461;11.20441;94.46291
2462;11.29904;94.49704
2463;11.44984;94.51331
2464;11.53766;94.53333
2465;11.59434;94.56519
2466;11.68115;94.56532
2467;11.68168;94.57055
2468;11.70782;94.60078
2469;11.71865;94.59856
2470;11.68805;94.61661
2471;11.62891;94.61221
2472;11.60338;94.58276
2473;11.5143;94.57594
2474;11.43538;94.54148
2475;11.29885;94.51389
2476;11.1805;94.49123
2477;11.07606;94.46586
2478;10.95782;94.44648
2479;10.87931;94.40228
2480;10.80568;94.37302
2481;10.72795;94.34856
2482;10.64423;94.32161
2483;10.65467;94.3047
2484;10.6174;94.30383
2485;10.64226;94.28861
2486;10.68569;94.29244
2487;10.74472;94.2959
2488;10.81835;94.29839
2489;10.89371;94.31869
2490;11.02682;94.31252
2491;11.12456;94.36013
2492;11.24585;94.38277
2493;11.35412;94.40227
2494;11.46468;94.43
2495;11.52281;94.44625
2496;11.62732;94.47323
2497;11.68404;94.49007
2498;11.69588;94.50197
2499;11.74076;94.52359
2500;11.80296;94.55353
2501.43207;11.7398;94.5525
2502.64029;11.6891;94.5496
2503.8434;11.6428;94.5417
2505.05395;11.597;94.5318
2506.26566;11.5599;94.5262
2507.47855;11.5396;94.5269
2508.69262;11.5362;94.532
2509.90786;11.5481;94.5397
2511.12428;11.5736;94.5505
2512.33557;11.6082;94.5666
2513.55434;11.6503;94.5902
2514.7743;11.702;94.6187
2515.99544;11.7613;94.6464
2517.21777;11.8225;94.6696
2518.44129;11.8809;94.687
2519.65964;11.9338;94.7008
2520.88554;11.9793;94.7165
2522.11262;12.0164;94.7357
2523.3409;12.0436;94.7528
2524.57038;12.061;94.7632
2525.80106;12.0698;94.7666
2527.03293;12.0688;94.763
2528.25962;12.0552;94.7562
2529.4939;12.0283;94.7551
2530.72938;11.9881;94.7589
2531.96607;11.9367;94.7514
2533.20397;11.8797;94.725
2534.44308;11.821;94.6904
2535.67698;11.7603;94.6545
2536.91851;11.7005;94.6205
2538.16125;11.6487;94.5987
2539.40522;11.61;94.5884
2540.65041;11.5875;94.5728
2541.89681;11.5823;94.5352
2543.14445;11.5918;94.4793
2544.38683;11.6128;94.4383
2545.63691;11.6439;94.4353
2546.88821;11.6847;94.4482
2548.14075;11.7309;94.4431
2549.39452;11.777;94.4177
2550.64952;11.8259;94.3916
2551.89925;11.8847;94.3705
2553.15672;11.9522;94.3544
2554.41543;12.0154;94.3549
2555.67539;12.0624;94.3731
2556.93659;12.0924;94.3939
2558.19903;12.1093;94.4149
2559.46272;12.1141;94.4523
2560.7211;12.102;94.5033
2561.98728;12.0696;94.5263
2563.25472;12.024;94.4941
2564.52341;11.9751;94.4498
2565.79336;11.9292;94.4514
2567.06456;11.8874;94.5065
2568.33043;11.8442;94.5833
2569.60415;11.7934;94.634
2570.87914;11.7409;94.6334
2572.15539;11.6989;94.612
2573.43291;11.6692;94.5951
2574.7117;11.6503;94.5807
2575.99176;11.6429;94.5621
2577.26645;11.6474;94.543
2578.54905;11.6645;94.556
2579.83293;11.694;94.6014
2581.11809;11.7331;94.6188
2582.40453;11.7794;94.5724
2583.69225;11.8348;94.5013
2584.97458;11.899;94.4803
2586.26486;11.9649;94.5225
2587.55644;12.0278;94.5525
2588.84931;12.082;94.516
2590.14347;12.1198;94.4502
2591.43892;12.1429;94.409
2592.73567;12.1585;94.3969
2594.02699;12.1679;94.3748
2595.32634;12.1609;94.2972
2596.62698;12.1314;94.2161
2597.92893;12.0925;94.1963
2599.23219;12.0496;94.2069
2600.53675;11.9996;94.2124
2601.83586;11.9414;94.2075
2603.14303;11.8814;94.2131
2604.45153;11.8256;94.2332
2605.76134;11.7745;94.2449
2607.07247;11.7316;94.2525
2608.38491;11.7007;94.2725
2609.69868;11.6812;94.2883
2611.00696;11.6732;94.2887
2612.32337;11.6792;94.2912
2613.64112;11.6997;94.3194
2614.96019;11.7312;94.3718
2616.28059;11.7739;94.4032
2617.60233;11.8332;94.3951
2618.91854;11.9018;94.4161
2620.24295;11.9684;94.4668
2621.56869;12.0283;94.4748
2622.89578;12.0791;94.4595
2624.22421;12.1246;94.4652
2625.55399;12.1687;94.4696
2626.88512;12.2076;94.4595
2628.21069;12.2313;94.4645
2629.54451;12.2337;94.4628
2630.87969;12.216;94.4119
2632.21622;12.1867;94.3703
2633.55411;12.1476;94.3749
2634.89337;12.0943;94.3653
2636.22703;12.0357;94.3265
2637.56901;11.9797;94.2952
2638.91235;11.9223;94.2783
2640.25706;11.8642;94.2571
2641.60314;11.8112;94.2205
2642.95059;11.768;94.1911
2644.29942;11.7386;94.192
2645.64263;11.7217;94.1868
2646.99421;11.7109;94.1358
2648.34717;11.7042;94.0751
2649.70151;11.7069;94.0504
2651.05724;11.7265;94.0519
2652.41436;11.7677;94.0415
2653.76583;11.8261;94.0015
2655.12572;11.8907;93.9495
2656.48701;11.9555;93.9102
2657.84969;12.0176;93.9015
2659.21378;12.0744;93.9134
2660.57926;12.1215;93.9101
2661.94615;12.1539;93.8921
2663.30735;12.1735;93.886
2664.67704;12.1824;93.8775
2666.04814;12.175;93.8289
2667.42066;12.1519;93.7518
2668.79459;12.1247;93.6829
2670.16993;12.0869;93.6122
2671.54669;12.0281;93.5482
2672.91773;11.9659;93.5315
2674.29733;11.9124;93.543
2675.67835;11.8587;93.5127
2677.0608;11.7935;93.365
2678.44468;11.7142;93.1205
2679.82999;11.6357;92.905
2681.20955;11.5734;92.7494
2682.59772;11.5244;92.5595
2683.98733;11.4747;92.2339
2685.37838;11.4178;91.767
2686.77088;11.3617;91.2304
2688.16482;11.3115;90.662
2689.5602;11.2641;90.0738
2690.9498;11.2195;89.4799
2692.34808;11.1805;88.8338
2693.74781;11.1414;88.0151
2695.149;11.0916;87.0268
2696.55165;11.0326;86.1151
2697.95576;10.9711;85.3909
2699.35404;10.9097;84.7447
2700.76107;10.8494;84.0674
2702.16957;10.7882;83.365
2703.57954;10.7192;82.7424
2704.99098;10.637;82.2381
2706.40389;10.5484;81.8215
2707.81828;10.4654;81.468
2709.22681;10.3815;81.122
2710.64416;10.2779;80.7253
2712.06298;10.1668;80.3566
2713.4833;10.0762;80.1238
2714.9051;10.0048;79.9903
2716.32839;9.94551;79.8906
2717.74579;9.90107;79.8125
2719.17207;9.87176;79.7591
2720.59984;9.85009;79.722
2722.02911;9.83588;79.7221
2723.45988;9.83916;79.7695
2724.89216;9.86076;79.8228
2726.32595;9.8919;79.876
2727.7538;9.92726;79.9633
2729.1906;9.96755;80.081
2730.62892;10.0135;80.2073
2732.06875;10.0671;80.3371
2733.5101;10.1298;80.4732
2734.95297;10.1952;80.6248
2736.38988;10.2496;80.8019
2737.8358;10.2913;80.9939
2739.28324;10.3306;81.1774
2740.73221;10.3659;81.3385
2742.18272;10.3852;81.4912
2743.63477;10.3924;81.655
2745.08835;10.393;81.8361
2746.53593;10.3856;82.0332
2747.99259;10.3688;82.2331
2749.4508;10.3427;82.4192
2750.91055;10.3097;82.5895
2752.37186;10.2762;82.7554
2753.83471;10.2481;82.927
2755.29154;10.227;83.1005
2756.7575;10.2104;83.2716
2758.22503;10.1968;83.4539
2759.69412;10.1899;83.6495
2761.16477;10.1994;83.8453
2762.63699;10.2333;84.0393
2764.11079;10.2826;84.2385
2765.5785;10.3324;84.4438
2767.05544;10.385;84.6505
2768.53395;10.447;84.8486
2770.01404;10.5165;85.0324
2771.49572;10.5885;85.2101
2772.97898;10.6574;85.3935
2774.45614;10.7187;85.5874
2775.94257;10.7745;85.7896
2777.4306;10.8265;85.9981
2778.92022;10.868;86.2131
2780.41145;10.8922;86.4296
2781.90427;10.901;86.6384
2783.3987;10.9017;86.8402
2784.88698;10.8994;87.0473
2786.38461;10.8927;87.2621
2787.88386;10.8754;87.4714
2789.38472;10.8497;87.6683
2790.8872;10.8221;87.8611
2792.39129;10.7924;88.0528
2793.88921;10.7609;88.239
2795.39654;10.7319;88.4147
2796.9055;10.7104;88.5818
2798.4161;10.702;88.749
2799.92832;10.709;88.9203
2801.44218;10.7277;89.0893
2802.95768;10.754;89.2427
2804.46695;10.7863;89.3715
2805.98573;10.8257;89.4896
2807.50615;10.8764;89.613
2809.02822;10.9374;89.7381
2810.55194;11.0008;89.8574
2812.07731;11.0603;89.9722
2813.59642;11.117;90.0871
2815.1251;11.1728;90.2048
2816.65545;11.2215;90.3241
2818.18745;11.2563;90.437
2819.72113;11.2809;90.5363
2821.25647;11.302;90.631
2822.79349;11.3168;90.7381
2824.32421;11.3179;90.8564
2825.86457;11.3022;90.9698
2827.40662;11.2704;91.0701
2828.95035;11.2288;91.1638
2830.49576;11.1877;91.2615
2832.04287;11.1498;91.3653
2833.58363;11.1092;91.4693
2835.13412;11.0659;91.5698
2836.6863;11.0278;91.668
2838.24018;11.0012;91.7652
2839.79576;10.9874;91.861
2841.35305;10.9849;91.9546
2842.91205;10.9915;92.0431
2844.46467;11.0078;92.1249
2846.02709;11.0356;92.2036
2847.59122;11.0729;92.2841
2849.15708;11.1162;92.3641
2850.72465;11.1652;92.4353
2852.29396;11.2199;92.4952
2853.85684;11.2768;92.5462
2855.4296;11.3289;92.5874
2857.00409;11.3712;92.6213
2858.58031;11.4041;92.6518
2860.15828;11.4276;92.6747
2861.73799;11.4379;92.686
2863.31945;11.4359;92.6908
2864.89444;11.4269;92.6943
2866.47939;11.4103;92.6965
2868.06609;11.3824;92.6977
2869.65455;11.3455;92.6995
2871.24477;11.3035;92.6979
2872.83675;11.2563;92.6898
2874.4305;11.2041;92.6807
2876.01775;11.1503;92.6737
2877.61503;11.0987;92.664
2879.21409;11.0534;92.653
2880.81492;11.017;92.6464
2882.41754;10.9909;92.6459
2884.02194;10.9789;92.6514
2885.6198;10.984;92.661
2887.22777;11.0014;92.6688
2888.83753;11.0233;92.6743
2890.44909;11.0509;92.6854
2892.06245;11.0903;92.7072
2893.6776;11.1394;92.7339
2895.29457;11.187;92.7568
2896.90495;11.2271;92.7749
2898.52552;11.2625;92.7926
2900.14791;11.2962;92.8122
2901.77211;11.3258;92.8351
2903.39814;11.3482;92.8651
2905.02599;11.3624;92.9002
2906.64721;11.3663;92.9305
2908.27871;11.3577;92.9526
2909.91203;11.3364;92.9738
2911.5472;11.3026;92.9985
2913.1842;11.2599;93.0237
2914.82304;11.2144;93.0467
2916.46373;11.1678;93.0649
2918.09775;11.1177;93.0759
2919.74213;11.0663;93.0795
2921.38836;11.0212;93.0754
2923.03645;10.986;93.0621
2924.6864;10.9569;93.0417
2926.33821;10.9339;93.02
2927.98332;10.9223;93.0008
2929.63886;10.9232;92.9827
2931.29628;10.932;92.9631
2932.95557;10.9459;92.9397
2934.61674;10.9695;92.9104
2936.27979;11.0073;92.8763
2937.94473;11.0539;92.8427
2939.60292;11.0982;92.8159
2941.27163;11.1366;92.7971
2942.94224;11.1741;92.7805
2944.61474;11.2113;92.7601
2946.28915;11.2416;92.7369
2947.96546;11.2593;92.7164
2949.63498;11.2629;92.7011
2951.31511;11.2535;92.6871
2952.99714;11.2337;92.6711
2954.6811;11.2049;92.6572
2956.36698;11.167;92.651
2958.05478;11.1206;92.6534
2959.74451;11.0698;92.6637
2961.42741;11.0209;92.6797
2963.121;10.9757;92.6963
2964.81652;10.9302;92.7115
2966.51399;10.8848;92.7296
2968.2134;10.846;92.7533
2969.91476;10.821;92.7785
2971.60925;10.8105;92.7992
2973.3145;10.8082;92.8136
2975.02172;10.8106;92.8274
2976.73089;10.8234;92.8458
2978.44204;10.8506;92.8661
2980.15515;10.8874;92.883
2981.87023;10.9282;92.8954
2983.57838;10.9724;92.9043
2985.29741;11.0182;92.9075
2987.01842;11.0594;92.9002
2988.74141;11.0933;92.8838
2990.46639;11.1225;92.8661
2992.19337;11.1478;92.8496
2993.91337;11.1637;92.8276
2995.64433;11.166;92.7983
2997.37729;11.1563;92.7686
2999.11226;11.1375;92.7417
3000.84924;11.1095;92.7141
3002.58823;11.0704;92.6847
3004.32924;11.0196;92.6572
3006.06323;10.9607;92.6346
3007.80827;10.9007;92.6143
3009.55534;10.8471;92.5907
3011.30444;10.805;92.5652
3013.05557;10.7734;92.5454
3014.80874;10.7469;92.5327
3016.55485;10.7224;92.5224
3018.3121;10.7021;92.514
3020.07139;10.6918;92.5122
3021.83274;10.6976;92.5215
3023.59614;10.72;92.5393
3025.36161;10.7543;92.559
3027.12913;10.7943;92.5751
3028.88955;10.835;92.5874
3030.6612;10.8765;92.6009
3032.43492;10.9212;92.6213
3034.21073;10.9655;92.6483
3035.98861;11.0015;92.6764
3037.76858;11.0268;92.7017
3039.54139;11.0443;92.7264
3041.32553;11.0537;92.7554
3043.11176;11.0532;92.7868
3044.9001;11.043;92.8143
3046.69053;11.0229;92.8347
3048.48307;10.9925;92.8479
3050.27773;10.9535;92.8559
3052.06518;10.9097;92.8612
3053.86405;10.8645;92.8656
3055.66505;10.8202;92.8713
3057.46817;10.7773;92.8783
3059.27342;10.7361;92.8813
3061.08081;10.6985;92.8766
3062.88095;10.669;92.8659
3064.6926;10.6513;92.8513
3066.50639;10.6432;92.8348
3068.32233;10.641;92.8168
3070.14043;10.6468;92.796
3071.96068;10.6659;92.771
3073.78309;10.6965;92.7421
3075.5982;10.73;92.7126
3077.42493;10.7656;92.6887
3079.25384;10.8082;92.6722
3081.08491;10.854;92.6565
3082.91817;10.8924;92.6366
3084.75361;10.9202;92.617
3086.5817;10.9433;92.604
3088.42151;10.9646;92.5989
3090.26351;10.9771;92.5986
3092.1077;10.9716;92.5972
3093.9541;10.9495;92.5939
3095.80271;10.9193;92.5944
3097.65353;10.8858;92.6035
3099.49695;10.8486;92.6178
3101.35219;10.8066;92.6313
3103.20965;10.7603;92.645
3105.06934;10.7113;92.6617
3106.93125;10.6614;92.6786
3108.7954;10.616;92.695
3110.66179;10.5826;92.7167
3112.52074;10.5613;92.7443
3114.3916;10.5476;92.7703
3116.26472;10.5426;92.7922
3118.14009;10.5503;92.8146
3120.01772;10.5702;92.838
3121.89761;10.5985;92.8568
3123.77002;10.6346;92.8682
3125.65443;10.6773;92.8756
3127.54113;10.7232;92.8818
3129.4301;10.77;92.8843
3131.32135;10.8147;92.8798
3133.2149;10.8539;92.8702
3135.11073;10.8883;92.8584
3136.99902;10.9167;92.8406
3138.89944;10.9327;92.8146
3140.80216;10.933;92.788
3142.70719;10.9211;92.7675
3144.61453;10.9011;92.7501
3146.52419;10.8729;92.7307
3148.42626;10.8344;92.7085
3150.34055;10.7868;92.6852
3152.25717;10.7357;92.6629
3154.17613;10.6863;92.6447
3156.09742;10.6388;92.6333
3158.02106;10.5922;92.6277
3159.94704;10.549;92.6242
3161.86537;10.5118;92.6209
3163.79605;10.482;92.6199
3165.72908;10.4645;92.6246
3167.66448;10.464;92.635
3169.60225;10.4773;92.6473
3171.54238;10.4974;92.6607
3173.47483;10.5234;92.6786
3175.41971;10.5591;92.7017
3177.36698;10.6046;92.7281
3179.31664;10.6558;92.76
3181.26869;10.7082;92.7976
3183.22314;10.7568;92.8324
3185.17999;10.798;92.8606
3187.1291;10.8327;92.8879
3189.09076;10.8624;92.9183
3191.05484;10.8841;92.949
3193.02133;10.893;92.9778
3194.99026;10.8885;93.0054
3196.96161;10.8752;93.0319
3198.92516;10.8549;93.0542
3200.90137;10.8251;93.069
3202.88003;10.7847;93.0768
3204.86113;10.7365;93.0804
3206.84469;10.6849;93.0791
3208.8307;10.6329;93.0711
3210.81918;10.5817;93.0588
3212.79979;10.5331;93.046
3214.79319;10.4919;93.0341
3216.78907;10.4622;93.0241
3218.78742;10.4468;93.0131
3220.78826;10.446;92.9949
3222.79158;10.4573;92.9697
3224.787;10.4781;92.9466
3226.79531;10.5075;92.9321
3228.80612;10.545;92.9233
3230.81943;10.5902;92.915
3232.83526;10.6413;92.9076
3234.85361;10.6936;92.9047
3236.87447;10.7429;92.9046
3238.88738;10.7877;92.9018
3240.91329;10.8281;92.8977
3242.94174;10.8638;92.8996
3244.97273;10.8912;92.9093
3247.00626;10.9018;92.9234
3249.04234;10.8914;92.939
3251.07041;10.8668;92.9562
3253.1116;10.8356;92.9768
3255.15535;10.7985;93.0017
3257.20167;10.7542;93.0298
3259.25057;10.7039;93.06
3261.30204;10.6485;93.0895
3263.3561;10.5909;93.1156
3265.40209;10.5378;93.1396
3267.46131;10.4945;93.1645
3269.52314;10.4609;93.1908
3271.58757;10.4357;93.217
3273.65461;10.4212;93.2424
3275.72426;10.4221;93.2678
3277.78579;10.4392;93.2929
3279.86067;10.4674;93.3127
3281.93818;10.5025;93.3235
3284.01832;10.5453;93.3265
3286.10111;10.5959;93.3236
3288.18653;10.6515;93.3194
3290.27461;10.7091;93.3181
3292.35449;10.7648;93.3149
3294.44787;10.8152;93.3025
3296.5439;10.8594;93.2838
3298.64261;10.8958;93.2667
3300.74399;10.9204;93.2526
3302.84805;10.9311;93.2376
3304.94387;10.9293;93.2191
3307.05328;10.9133;93.2003
3309.1654;10.8802;93.1879
3311.28021;10.8316;93.18
3313.39772;10.7735;93.1666
3315.51795;10.713;93.1447
3317.64089;10.6538;93.1216
3319.75553;10.5953;93.1041
3321.88391;10.5377;93.0944
3324.01501;10.4847;93.0923
3326.14885;10.4419;93.0963
3328.28543;10.4138;93.1021
3330.42476;10.4021;93.1054
3332.55574;10.4044;93.1092
3334.70056;10.418;93.1217
3336.84815;10.4426;93.1424
3338.9985;10.4779;93.161
3341.15163;10.5231;93.1734
3343.30753;10.5779;93.187
3345.46622;10.6405;93.2078
3347.6165;10.7048;93.2302
3349.78076;10.7647;93.2471
3351.94782;10.817;93.2608
3354.11768;10.8615;93.2736
3356.29036;10.8981;93.2812
3358.46585;10.9222;93.2815
3360.63287;10.9294;93.2785
3362.814;10.9209;93.2748
3364.99796;10.9005;93.2658
3367.18476;10.8677;93.2447
3369.37441;10.8205;93.214
3371.5669;10.7626;93.1831
3373.76225;10.7;93.1571
3375.94906;10.636;93.1301
3378.15012;10.5742;93.0932
3380.35406;10.5166;93.0451
3382.56087;10.463;92.9936
3384.77056;10.4161;92.9462
3386.98315;10.3804;92.903
3389.19862;10.3563;92.8584
3391.4055;10.3444;92.8074
3393.62677;10.3484;92.7522
3395.85095;10.3692;92.7
3398.07805;10.4037;92.6537
3400.30807;10.449;92.6107
3402.54102;10.5019;92.5707
3404.76531;10.5598;92.5347
3407.00412;10.6222;92.4993
3409.24587;10.6876;92.4613
3411.49058;10.7484;92.4242
3413.73825;10.7968;92.3895
3415.98888;10.8327;92.3543
3418.24248;10.8578;92.3199
3420.48735;10.8684;92.2909
3422.74689;10.8627;92.2669
3425.00942;10.8448;92.2437
3427.27494;10.8148;92.2194
3429.54346;10.7686;92.1953
3431.81498;10.7076;92.1707
3434.07773;10.6399;92.1407
3436.35526;10.5721;92.1026
3438.63582;10.5057;92.0574
3440.91941;10.4396;92.0065
3443.20604;10.3742;91.9538
3445.4957;10.3153;91.9026
3447.78842;10.2715;91.8507
3450.07228;10.2461;91.7915
3452.37109;10.2356;91.7213
3454.67296;10.2369;91.6433
3456.97791;10.2521;91.562
3459.28593;10.2821;91.4752
3461.59704;10.3229;91.3793
3463.89924;10.3713;91.275
3466.21652;10.4257;91.1616
3468.5369;10.4826;91.0352
3470.86039;10.5382;90.8991
3473.187;10.5907;90.7612
3475.51672;10.6358;90.6222
3477.84958;10.6663;90.4774
3480.17345;10.6802;90.3274
3482.51256;10.6805;90.1775
3484.85482;10.6675;90.0292
3487.20023;10.637;89.8796
3489.5488;10.5867;89.7273
3491.90054;10.5199;89.5742
3494.24323;10.4439;89.4214
3496.6013;10.364;89.2685
3498.96256;10.2827;89.1149
3501.327;10.2029;88.9586
3503.69465;10.1258;88.7997
3506.06549;10.0513;88.6475
3508.43955;9.98216;88.5082
3510.8045;9.92373;88.3718
3513.18498;9.881;88.2294
3515.5687;9.8564;88.0851
3517.95565;9.84944;87.9413
3520.34584;9.85865;87.7959
3522.73928;9.882;87.6515
3525.12356;9.91575;87.512
3527.5235;9.95726;87.3739
3529.92672;10.0067;87.2304
3532.33321;10.0618;87.0833
3534.74299;10.1148;86.9387
3537.15606;10.1606;86.7946
3539.57242;10.2002;86.6435
3541.97954;10.2322;86.4853
3544.4025;10.2498;86.3281
3546.82878;10.2502;86.1772
3549.25838;10.2362;86.029
3551.69132;10.2077;85.8777
3554.12759;10.1624;85.7203
3556.55455;10.1019;85.5568
3558.9975;10.0295;85.3898
3561.44381;9.9477;85.2226
3563.89348;9.86168;85.0561
3566.34653;9.77707;84.8878
3568.80295;9.69569;84.7163
3571.26276;9.61733;84.5459
3573.7132;9.54485;84.3838
3576.17978;9.48532;84.2312
3578.64978;9.44426;84.0796
3581.12318;9.41962;83.9241
3583.60001;9.40645;83.7717
3586.08027;9.4064;83.6299
3588.55109;9.42443;83.4973
3591.03821;9.45925;83.3664
3593.52877;9.50396;83.2323
3596.0228;9.55345;83.0964
3598.52029;9.60681;82.9614
3601.02125;9.66264;82.8259
3603.52569;9.71504;82.6907
3606.02061;9.75913;82.5606
3608.53201;9.79469;82.4336
3611.04691;9.81906;82.303
3613.56532;9.8247;82.1682
3616.08725;9.80762;82.0321
3618.6127;9.77192;81.8935
3621.12856;9.724;81.7492
3623.66106;9.66584;81.597
3626.1971;9.59666;81.4358
3628.73669;9.51819;81.2672
3631.27984;9.43411;81.0898
3633.82656;9.34713;80.9016
3636.37686;9.25957;80.7037
3638.91749;9.17363;80.4959
3641.47494;9.0917;80.2734
3644.03599;9.01901;80.0367
3646.60064;8.9611;79.7939
3649.1689;8.91859;79.5472
3651.74078;8.88997;79.2909
3654.30294;8.87729;79.0207
3656.88207;8.88374;78.7389
3659.46484;8.90644;78.4493
3662.05126;8.93593;78.1523
3664.64134;8.96571;77.8462
3667.23509;8.99676;77.5326
3669.83251;9.02979;77.215
3672.42012;9.06163;76.8938
3675.0249;9.08848;76.5688
3677.63337;9.10498;76.2416
3680.24555;9.10639;75.915
3682.86144;9.09488;75.591
3685.48105;9.0726;75.2709
3688.10439;9.03325;74.9568
3690.71784;8.9714;74.6498
3693.34865;8.89258;74.347
3695.98321;8.80719;74.0442
3698.62152;8.71942;73.744
3701.26361;8.62645;73.4536
3703.90948;8.52846;73.1745
3706.54539;8.43264;72.9041
3709.19881;8.34374;72.6421
3711.85604;8.26148;72.3875
3714.51708;8.18732;72.1377
3717.18193;8.12514;71.8943
3719.85061;8.07768;71.6656
3722.52313;8.04758;71.4567
3725.18561;8.0366;71.2641
3727.8658;8.04204;71.08
3730.54985;8.06025;70.8986
3733.23776;8.09172;70.7215
3735.92956;8.13568;70.5569
3738.62523;8.1843;70.4109
3741.31081;8.23204;70.2798
3744.01426;8.28006;70.1551
3746.72162;8.32643;70.0332
3749.4329;8.36579;69.9211
3752.1481;8.39473;69.8244
3754.86725;8.4096;69.7362
3757.59033;8.40931;69.6503
3760.30323;8.39859;69.5748
3763.03421;8.3792;69.5167
3765.76916;8.34669;69.4706
3768.50809;8.29999;69.4286
3771.251;8.24332;69.3871
3773.99791;8.17877;69.3459
3776.73456;8.10732;69.3088
3779.48947;8.03551;69.2802
3782.2484;7.97117;69.2625
3785.01136;7.9146;69.2556
3787.77835;7.86352;69.2569
3790.5494;7.82188;69.2633
3793.32451;7.79667;69.2745
3796.08927;7.78995;69.2923
3798.87249;7.79728;69.3178
3801.6598;7.81458;69.3477
3804.45121;7.84459;69.3774
3807.24671;7.89168;69.4073
3810.04633;7.95273;69.4406
3812.83553;8.01847;69.4763
3815.64337;8.08281;69.512
3818.45536;8.14632;69.5485
3821.27149;8.20902;69.5867
3824.09178;8.26521;69.6258
3826.91623;8.30873;69.6651
3829.74486;8.33838;69.7037
3832.56299;8.35567;69.7396
3835.39997;8.36165;69.7689
3838.24116;8.35517;69.7888
3841.08657;8.3314;69.8022
3843.93619;8.2865;69.8141
3846.79005;8.22476;69.8257
3849.63332;8.15622;69.8341
3852.49565;8.08901;69.8353
3855.36223;8.02364;69.8276
3858.23308;7.9549;69.8127
3861.10822;7.88479;69.7953
3863.98764;7.82548;69.7751
3866.87135;7.78286;69.746
3869.7444;7.75255;69.7109
3872.63672;7.73539;69.6769
3875.53337;7.73689;69.6402
3878.43435;7.75455;69.594
3881.33968;7.78105;69.541
3884.24937;7.81385;69.487
3887.14831;7.85578;69.4319
3890.06671;7.90835;69.3725
3892.9895;7.96762;69.3106
3895.91669;8.02742;69.251
3898.84828;8.08273;69.196
3901.78429;8.1299;69.1427
3904.72472;8.16622;69.0885
3907.65431;8.18817;69.0345
3910.6036;8.19452;68.9832
3913.55735;8.19034;68.9346
3916.51555;8.17904;68.8877
3919.47824;8.15442;68.8405
3922.44541;8.10873;68.7916
3925.40167;8.04399;68.7412
3928.37782;7.97033;68.6908
3931.35848;7.89606;68.644
3934.34367;7.82266;68.6026
3937.3334;7.74929;68.5601
3940.32768;7.67851;68.5099
3943.32651;7.61571;68.4537
3946.31434;7.56354;68.3954
3949.3223;7.52131;68.3321
3952.33484;7.49147;68.261
3955.35199;7.47842;68.1873
3958.37374;7.47959;68.1153
3961.40012;7.48873;68.037
3964.41541;7.50821;67.9438
3967.45103;7.54519;67.8386
3970.49131;7.59734;67.7257
3973.53625;7.65524;67.6029
3976.58586;7.71253;67.4724
3979.64016;7.76363;67.3385
3982.69915;7.80321;67.1972
3985.74697;7.8319;67.0428
3988.81536;7.8515;66.8743
3991.88848;7.85868;66.6918
3994.96634;7.84884;66.497
3998.04895;7.81826;66.2912
4001.13632;7.7664;66.0731
4004.21243;7.7008;65.8444
4007.30933;7.6302;65.609
4010.41103;7.55491;65.3653
4013.51753;7.47237;65.1095
4016.62884;7.38369;64.8443
4019.74499;7.29167;64.5741
4022.86597;7.19887;64.2957
4025.97559;7.1093;64.0046
4029.10626;7.03039;63.7043
4032.24181;6.967;63.4032
4035.38223;6.91631;63.1041
4038.52755;6.8748;62.8003
4041.67778;6.84426;62.4833
4044.81657;6.8282;62.1532
4047.97662;6.82746;61.8189
4051.14161;6.83981;61.4876
4054.31156;6.86205;61.1557
4057.48647;6.88904;60.8159
4060.66636;6.91377;60.4644
4063.85123;6.93467;60.1025
4067.02456;6.95451;59.7374
4070.21943;6.96972;59.3777
4073.41931;6.97244;59.0231
4076.62423;6.96094;58.6642
4079.8342;6.9384;58.2944
4083.04922;6.90536;57.9147
4086.26932;6.85732;57.5299
4089.47777;6.79163;57.144
4092.70802;6.71644;56.7567
4095.94338;6.64052;56.3656
4099.18385;6.55867;55.9732
4102.42946;6.46403;55.5871
4105.68021;6.3623;55.2082
4108.91923;6.26358;54.8284
4112.18028;6.17462;54.4457
4115.44651;6.09801;54.0668
4118.71793;6.03079;53.6954
4121.99455;5.96952;53.3289
4125.27639;5.91838;52.9651
4128.56347;5.88542;52.6028
4131.83871;5.87064;52.2426
4135.13625;5.86654;51.8919
4138.43906;5.87119;51.5577
4141.74715;5.88796;51.2359
4145.06054;5.91327;50.92
4148.37923;5.93956;50.6115
4151.686;5.96432;50.3132
4155.01531;5.98645;50.0256
4158.34997;6.00398;49.7501
4161.68998;6.01628;49.4889
4165.03536;6.021;49.2387
4168.38613;6.014;48.9957
4171.74229;5.99444;48.7561
4175.08642;5.96491;48.5169
4178.45339;5.92569;48.2814
4181.82579;5.87341;48.054
4185.20363;5.80952;47.8294
4188.58694;5.74246;47.6033
4191.97572;5.67762;47.3802
4195.35239;5.61458;47.1604
4198.75213;5.55322;46.9362
4202.15739;5.49409;46.6984
4205.56817;5.43631;46.441
4208.9845;5.38201;46.1665
4212.40638;5.33718;45.8772
4215.83383;5.30019;45.5503
4219.24906;5.26331;45.1603
4222.68766;5.22926;44.7432
4226.13186;5.20581;44.3712
4229.58169;5.2;44.0457
4233.03716;5.2173;43.6929
4236.49828;5.23373;43.2642
4239.94709;5.22432;42.7816
4243.41952;5.21437;42.297
4246.89764;5.22369;41.8366
4250.38147;5.23228;41.4103
4253.87102;5.22351;41.0443
4257.36631;5.19878;40.719
4260.86734;5.16373;40.3399
4264.35595;5.11601;39.7927
4267.8685;5.04661;39.0723
4271.38683;4.97196;38.346
4274.91097;4.92103;37.73
4278.44094;4.88127;37.1902
4281.97673;4.82505;36.6437
4285.50001;4.74965;36.0404
4289.04749;4.66122;35.3789
4292.60084;4.56444;34.6894
4296.16009;4.47496;34.0101
4299.72525;4.40416;33.3496
4303.29632;4.33807;32.6942
4306.87334;4.2584;32.0449
4310.43772;4.17433;31.4319
4314.02663;4.1093;30.8781
4317.62151;4.06742;30.3513
4321.22239;4.03626;29.8017
4324.82928;4.01001;29.2283
4328.44219;3.98981;28.655
4332.04238;3.97188;28.0891
4335.66737;3.95634;27.5444
4339.29842;3.95295;27.0387
4342.93556;3.96331;26.5637
4346.57881;3.97382;26.1004
4350.22817;3.97487;25.6404
4353.88366;3.96821;25.184
4357.52632;3.94953;24.7403
4361.19409;3.91075;24.3198
4364.86805;3.85798;23.9303
4368.5482;3.80251;23.5854
4372.23456;3.74476;23.2872
4375.92715;3.6858;23.0081
4379.6068;3.64306;22.7223
4383.31186;3.63104;22.4382
4387.02319;3.63175;22.1833
4390.74081;3.61418;21.9617
4394.46473;3.5781;21.7561
4398.19498;3.54471;21.5692
4401.93157;3.51634;21.4205
4405.6551;3.484;21.3089
4409.40438;3.45386;21.2149
4413.16004;3.43253;21.1241
4416.92211;3.41477;21.0365
4420.6906;3.40618;20.9656
4424.46552;3.42193;20.9311
4428.22729;3.45277;20.9433
4432.0151;3.47256;20.9912
4435.8094;3.48168;21.0565
4439.6102;3.49984;21.1233
4443.41752;3.52322;21.1845
4447.23138;3.52959;21.2606
4451.05178;3.52178;21.3845
4454.85891;3.53001;21.5587
4458.69244;3.56322;21.7578
4462.53258;3.59858;21.9629
4466.37933;3.62088;22.1755
4470.23272;3.63079;22.3998
4474.09277;3.63446;22.6339
4477.93943;3.64398;22.882
4481.8128;3.65983;23.152
4485.69288;3.6662;23.4348
4489.57969;3.65684;23.7116
4493.47323;3.641;23.9783
4497.37353;3.62725;24.2481
4501.28061;3.61944;24.5334
